tpep_pickup_datetime,tpep_dropoff_datetime,trip_distance,fare_amount,pickup_zip,dropoff_zip
2016-02-14T16:52:13.000+0000,2016-02-14T17:16:04.000+0000,4.94,19,10282,10171
2016-02-04T18:44:19.000+0000,2016-02-04T18:46:00.000+0000,0.28,3.5,10110,10110
2016-02-17T17:13:57.000+0000,2016-02-17T17:17:55.000+0000,0.7,5,10103,10023
2016-02-18T10:36:07.000+0000,2016-02-18T10:41:45.000+0000,0.8,6,10022,10017
2016-02-22T14:14:41.000+0000,2016-02-22T14:31:52.000+0000,4.51,17,10110,10282
2016-02-05T06:45:02.000+0000,2016-02-05T06:50:26.000+0000,1.8,7,10009,10065
2016-02-15T15:03:28.000+0000,2016-02-15T15:18:45.000+0000,2.58,12,10153,10199
2016-02-25T19:09:26.000+0000,2016-02-25T19:24:50.000+0000,1.4,11,10112,10069
2016-02-13T16:28:18.000+0000,2016-02-13T16:36:36.000+0000,1.21,7.5,10023,10153
2016-02-14T00:03:48.000+0000,2016-02-14T00:10:24.000+0000,0.6,6,10012,10003
2016-02-27T15:02:58.000+0000,2016-02-27T15:08:31.000+0000,2.02,8,10002,11211
2016-02-17T07:52:40.000+0000,2016-02-17T08:01:21.000+0000,1.5,8,10019,10199
2016-02-14T21:55:55.000+0000,2016-02-14T22:01:31.000+0000,0.93,6,10019,10018
2016-02-05T22:27:07.000+0000,2016-02-05T22:39:44.000+0000,2.34,10.5,10110,10014
2016-02-05T09:51:47.000+0000,2016-02-05T09:57:27.000+0000,0.91,5.5,10119,10199
2016-02-21T11:15:39.000+0000,2016-02-21T11:40:24.000+0000,11.6,33.5,10019,11371
2016-02-23T13:20:29.000+0000,2016-02-23T13:36:25.000+0000,1.4,11,10018,10022
2016-02-24T13:07:46.000+0000,2016-02-24T13:26:13.000+0000,2.43,13,10065,10119
2016-02-22T15:12:53.000+0000,2016-02-22T15:22:59.000+0000,1.2,8,10001,10009
2016-02-05T09:40:07.000+0000,2016-02-05T09:49:09.000+0000,1.3,7.5,10003,10013
2016-02-29T19:31:39.000+0000,2016-02-29T19:36:24.000+0000,1.19,6,10029,10028
2016-02-07T15:19:49.000+0000,2016-02-07T15:25:35.000+0000,1.47,6.5,10001,10003
2016-02-08T09:25:42.000+0000,2016-02-08T09:33:34.000+0000,1,7,10065,10154
2016-02-16T14:03:21.000+0000,2016-02-16T14:50:51.000+0000,10.32,39.5,11371,10003
2016-02-24T22:57:26.000+0000,2016-02-24T23:17:47.000+0000,9,26,11371,10110
2016-02-18T19:51:24.000+0000,2016-02-18T19:58:54.000+0000,1.29,7,10031,10030
2016-02-09T02:55:31.000+0000,2016-02-09T03:07:42.000+0000,5.9,18,10018,10030
2016-02-01T18:19:38.000+0000,2016-02-01T18:27:40.000+0000,1.2,7.5,10031,10030
2016-02-19T09:42:39.000+0000,2016-02-19T10:07:16.000+0000,4.29,19.5,10005,10003
2016-02-13T22:23:10.000+0000,2016-02-13T22:42:34.000+0000,3.5,14.5,10103,10012
2016-02-14T16:57:05.000+0000,2016-02-14T17:14:27.000+0000,1.2,11.5,10022,10019
2016-02-04T18:22:21.000+0000,2016-02-04T18:22:36.000+0000,0,52,11422,11422
2016-02-02T20:19:30.000+0000,2016-02-02T20:31:34.000+0000,2.8,11.5,10069,10029
2016-02-29T07:16:34.000+0000,2016-02-29T07:20:51.000+0000,0.7,5,10012,10003
2016-02-11T20:25:22.000+0000,2016-02-11T20:36:05.000+0000,2.66,10.5,10154,11109
2016-02-27T17:25:40.000+0000,2016-02-27T18:15:21.000+0000,1.6,7.5,10154,10001
2016-02-14T22:02:21.000+0000,2016-02-14T22:22:54.000+0000,5.41,19,10011,11231
2016-02-19T18:00:57.000+0000,2016-02-19T18:20:45.000+0000,1.98,13.5,10011,10018
2016-02-13T18:48:21.000+0000,2016-02-13T18:57:34.000+0000,1.72,8.5,10021,10021
2016-02-07T17:24:47.000+0000,2016-02-07T17:46:40.000+0000,4.3,17.5,10016,10162
2016-02-20T21:55:55.000+0000,2016-02-20T22:04:49.000+0000,1.49,8,10011,10020
2016-02-21T17:57:59.000+0000,2016-02-21T18:04:33.000+0000,1.4,6.5,10009,10009
2016-02-05T12:33:32.000+0000,2016-02-05T12:44:09.000+0000,1.1,8,10009,10012
2016-02-27T00:59:46.000+0000,2016-02-27T01:06:48.000+0000,1.46,7,10001,10016
2016-02-23T06:40:32.000+0000,2016-02-23T06:45:29.000+0000,0.84,5.5,10018,10110
2016-02-17T23:28:57.000+0000,2016-02-17T23:35:29.000+0000,1.01,6.5,10271,10006
2016-02-04T13:35:08.000+0000,2016-02-04T13:53:20.000+0000,1.3,12,10011,10020
2016-02-16T13:41:51.000+0000,2016-02-16T13:55:23.000+0000,2.24,11,10119,10013
2016-02-14T16:01:44.000+0000,2016-02-14T16:15:46.000+0000,2.1,11,10020,10011
2016-02-29T00:03:53.000+0000,2016-02-29T00:17:14.000+0000,4.8,15.5,10029,11377
2016-02-06T19:23:55.000+0000,2016-02-06T19:41:18.000+0000,1.53,12,10014,10018
2016-02-28T00:14:12.000+0000,2016-02-28T00:44:01.000+0000,7.9,26,10018,11237
2016-02-21T16:35:31.000+0000,2016-02-21T16:46:31.000+0000,1.2,8.5,10103,10065
2016-02-17T08:09:45.000+0000,2016-02-17T08:21:12.000+0000,1.63,9.5,10044,10153
2016-02-20T08:28:20.000+0000,2016-02-20T08:34:12.000+0000,0.7,5.5,10028,10028
2016-02-22T19:00:33.000+0000,2016-02-22T19:04:19.000+0000,0.49,4.5,10011,10014
2016-02-08T23:04:48.000+0000,2016-02-08T23:18:27.000+0000,2.28,10,10017,10044
2016-02-23T16:14:52.000+0000,2016-02-23T16:37:11.000+0000,1.8,14,10023,10044
2016-02-21T10:10:13.000+0000,2016-02-21T10:21:37.000+0000,2.17,10,10110,10019
2016-02-15T14:03:06.000+0000,2016-02-15T14:16:23.000+0000,2.25,11.5,10018,10023
2016-02-09T22:32:33.000+0000,2016-02-09T22:51:17.000+0000,4.46,16.5,10003,10162
2016-02-24T06:11:11.000+0000,2016-02-24T06:39:15.000+0000,8.4,27.5,11231,10018
2016-02-20T13:57:39.000+0000,2016-02-20T14:09:43.000+0000,1.8,10,10162,10103
2016-02-13T13:21:19.000+0000,2016-02-13T13:25:55.000+0000,0.59,5,10009,10011
2016-02-28T04:09:04.000+0000,2016-02-28T04:18:41.000+0000,2.91,10.5,10017,10028
2016-02-03T08:53:28.000+0000,2016-02-03T08:54:46.000+0000,0.1,3,10006,10280
2016-02-16T17:44:29.000+0000,2016-02-16T18:11:51.000+0000,2.9,17.5,10019,10003
2016-02-12T11:22:05.000+0000,2016-02-12T11:32:18.000+0000,1.46,8.5,10016,10003
2016-02-15T14:06:33.000+0000,2016-02-15T14:21:06.000+0000,2.65,12,10110,10110
2016-02-18T08:45:38.000+0000,2016-02-18T08:54:25.000+0000,0.8,7,10012,10003
2016-02-25T16:54:19.000+0000,2016-02-25T17:01:43.000+0000,1.55,7.5,10065,10023
2016-02-02T11:35:02.000+0000,2016-02-02T11:46:07.000+0000,0.82,8,10152,10110
2016-02-08T14:44:14.000+0000,2016-02-08T14:49:32.000+0000,0.73,5.5,10021,10028
2016-02-18T13:18:00.000+0000,2016-02-18T13:22:36.000+0000,0.6,5,10001,10017
2016-02-11T20:06:33.000+0000,2016-02-11T20:35:49.000+0000,4.96,21,10271,10019
2016-02-11T22:33:03.000+0000,2016-02-11T22:39:33.000+0000,3.17,11,10038,10009
2016-02-15T18:03:21.000+0000,2016-02-15T18:13:51.000+0000,1.6,8.5,11231,11215
2016-02-06T16:48:31.000+0000,2016-02-06T16:54:19.000+0000,1.06,6,10009,10017
2016-02-13T05:26:29.000+0000,2016-02-13T05:29:29.000+0000,0.2,3,10011,10011
2016-02-01T20:30:31.000+0000,2016-02-01T20:42:59.000+0000,2.33,10.5,10065,10009
2016-02-07T16:22:55.000+0000,2016-02-07T16:30:34.000+0000,1.1,7,10020,10022
2016-02-03T19:38:10.000+0000,2016-02-03T20:01:08.000+0000,3.2,16.5,10003,10021
2016-02-06T17:28:18.000+0000,2016-02-06T17:36:00.000+0000,1.37,7.5,10009,10003
2016-02-10T09:09:04.000+0000,2016-02-10T09:19:12.000+0000,0.8,8,10065,10044
2016-02-28T10:06:05.000+0000,2016-02-28T10:09:19.000+0000,0.7,4.5,10012,10011
2016-02-20T18:24:26.000+0000,2016-02-20T18:41:57.000+0000,3.11,14,10021,10001
2016-02-25T00:30:27.000+0000,2016-02-25T00:41:52.000+0000,3.22,12,10020,10012
2016-02-03T07:31:56.000+0000,2016-02-03T07:41:44.000+0000,2.2,9,10028,10171
2016-02-26T15:11:29.000+0000,2016-02-26T16:08:49.000+0000,13.1,43,10006,11371
2016-02-26T11:37:42.000+0000,2016-02-26T12:10:46.000+0000,8,27.5,10065,10034
2016-02-20T12:01:51.000+0000,2016-02-20T12:04:15.000+0000,0.3,3.5,10025,10025
2016-02-23T16:40:05.000+0000,2016-02-23T16:47:14.000+0000,1.2,6.5,10011,10001
2016-02-04T14:06:00.000+0000,2016-02-04T14:24:44.000+0000,3,14,10110,10013
2016-02-29T14:00:42.000+0000,2016-02-29T14:06:51.000+0000,1.57,7,10278,10011
2016-02-26T11:49:14.000+0000,2016-02-26T12:06:03.000+0000,2.5,13,10021,10019
2016-02-08T17:36:51.000+0000,2016-02-08T17:49:23.000+0000,2.07,10,10065,10044
2016-02-14T00:58:23.000+0000,2016-02-14T01:03:22.000+0000,0.8,5.5,10199,10018
2016-02-17T20:50:17.000+0000,2016-02-17T21:05:53.000+0000,8.45,24,11371,10017
2016-02-06T16:00:38.000+0000,2016-02-06T16:14:52.000+0000,1,10,10014,10012
2016-02-12T23:53:20.000+0000,2016-02-13T00:01:39.000+0000,0.99,7,10003,10011
2016-02-02T07:18:32.000+0000,2016-02-02T07:26:41.000+0000,1.2,7.5,10029,10044
2016-02-04T17:33:55.000+0000,2016-02-04T17:42:02.000+0000,1.32,7,10199,10014
2016-02-26T19:26:53.000+0000,2016-02-26T19:32:52.000+0000,0.97,6,10271,10278
2016-02-18T00:32:21.000+0000,2016-02-18T00:42:31.000+0000,2.7,10.5,10018,10003
2016-02-12T07:35:45.000+0000,2016-02-12T08:05:27.000+0000,4.8,20.5,10026,10022
2016-02-25T21:36:47.000+0000,2016-02-25T21:49:10.000+0000,1.85,9.5,10023,10022
2016-02-21T00:40:09.000+0000,2016-02-21T00:52:17.000+0000,3.56,12.5,10001,10028
2016-02-07T09:39:13.000+0000,2016-02-07T09:50:23.000+0000,3,12,10007,10002
2016-02-24T07:47:54.000+0000,2016-02-24T07:57:45.000+0000,0.9,7.5,10018,10167
2016-02-22T09:21:48.000+0000,2016-02-22T09:29:02.000+0000,1.1,6.5,10003,10012
2016-02-05T08:51:25.000+0000,2016-02-05T09:00:42.000+0000,1.29,8,10199,10018
2016-02-14T00:44:24.000+0000,2016-02-14T00:49:52.000+0000,1.3,6.5,10110,10022
2016-02-10T09:33:38.000+0000,2016-02-10T10:18:03.000+0000,19.42,52,11422,10026
2016-02-04T14:39:36.000+0000,2016-02-04T14:46:23.000+0000,1,6.5,10110,10119
2016-02-12T11:30:46.000+0000,2016-02-12T11:40:19.000+0000,4.7,15,10023,10031
2016-02-11T12:24:30.000+0000,2016-02-11T12:33:14.000+0000,1.8,8,10110,10011
2016-02-05T16:36:46.000+0000,2016-02-05T16:42:18.000+0000,0.86,5.5,10018,10167
2016-02-02T13:17:57.000+0000,2016-02-02T13:23:52.000+0000,0.9,6,10011,10001
2016-02-28T19:16:51.000+0000,2016-02-28T19:39:18.000+0000,3.73,16.5,10012,10001
2016-02-27T01:31:15.000+0000,2016-02-27T01:35:26.000+0000,0.6,5,10026,10027
2016-02-26T11:14:47.000+0000,2016-02-26T11:21:54.000+0000,0.97,6.5,10017,10003
2016-02-10T15:14:56.000+0000,2016-02-10T15:24:00.000+0000,1.2,8,10017,10011
2016-02-01T08:10:34.000+0000,2016-02-01T08:14:36.000+0000,1.1,5.5,10001,10011
2016-02-27T03:00:44.000+0000,2016-02-27T03:10:25.000+0000,1.7,9,10003,10110
2016-02-18T21:43:21.000+0000,2016-02-18T21:58:48.000+0000,2.99,13,10020,10009
2016-02-09T11:41:14.000+0000,2016-02-09T11:51:18.000+0000,0.9,8,10009,10009
2016-02-20T19:40:08.000+0000,2016-02-20T19:50:14.000+0000,1.91,9,10005,10002
2016-02-21T19:39:47.000+0000,2016-02-21T19:51:18.000+0000,2.17,10,10012,10018
2016-02-10T21:53:47.000+0000,2016-02-10T22:01:33.000+0000,1.4,7,10011,10020
2016-02-01T16:44:06.000+0000,2016-02-01T17:07:44.000+0000,3.49,17.5,10019,10009
2016-02-23T09:56:19.000+0000,2016-02-23T10:18:22.000+0000,3.1,15.5,10011,10154
2016-02-24T09:48:48.000+0000,2016-02-24T09:53:04.000+0000,0.49,4.5,10022,10065
2016-02-11T12:41:15.000+0000,2016-02-11T12:54:21.000+0000,1.35,9.5,10021,10153
2016-02-24T17:20:04.000+0000,2016-02-24T17:34:05.000+0000,1.2,9.5,10110,10065
2016-02-07T01:33:04.000+0000,2016-02-07T01:34:34.000+0000,0.4,3.5,10028,10028
2016-02-19T13:49:56.000+0000,2016-02-19T13:53:05.000+0000,0.51,4.5,10021,10022
2016-02-15T09:10:54.000+0000,2016-02-15T09:18:06.000+0000,1.31,7.5,10009,10003
2016-02-09T20:29:19.000+0000,2016-02-09T20:36:31.000+0000,1.21,7,10110,10017
2016-02-07T18:24:54.000+0000,2016-02-07T18:35:06.000+0000,1.2,8,10011,10009
2016-02-03T20:33:01.000+0000,2016-02-03T20:39:00.000+0000,1.38,6.5,10011,10003
2016-02-23T23:21:44.000+0000,2016-02-23T23:48:01.000+0000,6.09,23,10003,10162
2016-02-01T17:04:34.000+0000,2016-02-01T17:09:40.000+0000,0.63,5,10001,10001
2016-02-01T08:57:50.000+0000,2016-02-01T09:05:34.000+0000,0.9,6.5,10153,10021
2016-02-19T20:39:17.000+0000,2016-02-19T20:45:55.000+0000,0.9,6,10110,10001
2016-02-10T23:57:02.000+0000,2016-02-11T00:20:14.000+0000,5.5,20,10023,10278
2016-02-28T12:00:50.000+0000,2016-02-28T12:30:23.000+0000,4.25,20.5,10023,10011
2016-02-27T16:59:25.000+0000,2016-02-27T17:08:14.000+0000,1.05,7.5,10023,10020
2016-02-26T15:51:01.000+0000,2016-02-26T16:02:16.000+0000,2.3,10,10022,10009
2016-02-21T12:24:19.000+0000,2016-02-21T12:56:45.000+0000,7.95,29,10005,10025
2016-02-13T08:21:07.000+0000,2016-02-13T08:36:20.000+0000,8.2,24,11371,10167
2016-02-21T13:16:53.000+0000,2016-02-21T13:28:03.000+0000,2,10,10023,10028
2016-02-13T19:12:11.000+0000,2016-02-13T19:37:01.000+0000,2.8,16.5,10167,10023
2016-02-24T18:06:53.000+0000,2016-02-24T18:18:13.000+0000,0.87,8.5,10119,10003
2016-02-06T01:09:26.000+0000,2016-02-06T01:23:56.000+0000,1.79,11,10014,10009
2016-02-29T20:54:59.000+0000,2016-02-29T21:25:56.000+0000,6.09,24,10012,11102
2016-02-27T01:20:30.000+0000,2016-02-27T01:30:39.000+0000,1.9,9,10002,10001
2016-02-22T08:44:50.000+0000,2016-02-22T08:52:40.000+0000,1.36,7.5,10001,10012
2016-02-26T19:54:27.000+0000,2016-02-26T20:11:18.000+0000,2.45,12.5,10020,10014
2016-02-07T21:12:33.000+0000,2016-02-07T21:21:44.000+0000,2.7,10,10271,10011
2016-02-22T15:38:08.000+0000,2016-02-22T15:48:06.000+0000,1.47,8.5,10017,10009
2016-02-23T18:25:34.000+0000,2016-02-23T18:32:23.000+0000,1.17,6.5,10023,10023
2016-02-01T20:49:59.000+0000,2016-02-01T20:55:07.000+0000,0.7,5.5,10019,10153
2016-02-04T23:14:28.000+0000,2016-02-04T23:35:35.000+0000,4.1,18,10002,11222
2016-02-20T23:14:13.000+0000,2016-02-20T23:37:14.000+0000,7.8,25,10001,10032
2016-02-23T18:14:12.000+0000,2016-02-23T18:37:31.000+0000,8.3,25.5,11371,10028
2016-02-04T22:48:51.000+0000,2016-02-04T23:21:40.000+0000,10.8,34,10012,11220
2016-02-25T09:32:40.000+0000,2016-02-25T10:10:20.000+0000,7,27,10271,10065
2016-02-29T22:46:53.000+0000,2016-02-29T22:52:01.000+0000,1,5.5,10011,10009
2016-02-23T09:36:38.000+0000,2016-02-23T09:40:27.000+0000,0.59,4.5,10003,10009
2016-02-15T20:25:20.000+0000,2016-02-15T20:36:36.000+0000,2.7,11,10021,10035
2016-02-07T03:04:15.000+0000,2016-02-07T03:41:28.000+0000,15.29,45.5,10167,11416
2016-02-05T17:46:18.000+0000,2016-02-05T17:52:14.000+0000,0.6,5.5,10153,10110
2016-02-19T22:03:53.000+0000,2016-02-19T22:13:22.000+0000,2.2,9,10162,10044
2016-02-07T15:03:26.000+0000,2016-02-07T15:20:11.000+0000,2.73,13,10069,10119
2016-02-01T15:20:35.000+0000,2016-02-01T15:30:45.000+0000,1.2,8.5,10019,10171
2016-02-27T20:22:02.000+0000,2016-02-27T20:30:15.000+0000,1.36,7.5,10119,10110
2016-02-27T15:40:53.000+0000,2016-02-27T15:49:02.000+0000,1.5,7.5,10003,10110
2016-02-27T10:54:23.000+0000,2016-02-27T11:08:08.000+0000,3.5,13,10001,10028
2016-02-12T14:36:35.000+0000,2016-02-12T14:43:50.000+0000,0.5,6,10017,10167
2016-02-14T18:18:14.000+0000,2016-02-14T18:22:04.000+0000,0.56,4.5,10044,10021
2016-02-12T15:50:02.000+0000,2016-02-12T16:00:18.000+0000,1.29,8,10022,10021
2016-02-24T17:34:18.000+0000,2016-02-24T18:16:09.000+0000,8.9,36,10044,11371
2016-02-28T12:09:10.000+0000,2016-02-28T12:19:54.000+0000,2.21,9.5,10110,10021
2016-02-20T18:24:04.000+0000,2016-02-20T18:29:29.000+0000,1.24,6,10005,10278
2016-02-27T10:15:28.000+0000,2016-02-27T10:17:41.000+0000,0.85,4.5,10023,10162
2016-02-18T06:48:44.000+0000,2016-02-18T07:00:42.000+0000,2.5,11,10029,10023
2016-02-24T20:37:39.000+0000,2016-02-24T20:44:59.000+0000,2.03,8.5,10153,10029
2016-02-15T15:13:33.000+0000,2016-02-15T15:25:42.000+0000,1.3,9.5,10119,10167
2016-02-29T07:02:00.000+0000,2016-02-29T07:09:12.000+0000,1.58,7.5,10003,10110
2016-02-08T06:40:24.000+0000,2016-02-08T06:59:36.000+0000,4.6,17,10119,10026
2016-02-05T18:17:24.000+0000,2016-02-05T18:23:33.000+0000,0.8,6.5,10014,10011
2016-02-22T13:35:21.000+0000,2016-02-22T13:52:07.000+0000,3.2,14,10012,10018
2016-02-07T18:55:13.000+0000,2016-02-07T19:00:55.000+0000,1.1,6,10003,10001
2016-02-27T16:18:22.000+0000,2016-02-27T16:22:22.000+0000,0.7,5,10065,10021
2016-02-26T20:17:25.000+0000,2016-02-26T20:40:03.000+0000,6.2,21,10199,11103
2016-02-11T08:22:29.000+0000,2016-02-11T08:27:30.000+0000,0.3,5,10167,10020
2016-02-29T08:38:17.000+0000,2016-02-29T08:57:22.000+0000,3.68,16.5,10002,11211
2016-02-09T06:32:15.000+0000,2016-02-09T06:37:07.000+0000,1.5,6.5,10001,10111
2016-02-15T23:50:55.000+0000,2016-02-16T00:16:01.000+0000,9.9,30,11371,11221
2016-02-16T16:17:44.000+0000,2016-02-16T16:40:43.000+0000,3.63,16.5,10019,10003
2016-02-02T22:10:26.000+0000,2016-02-02T22:16:10.000+0000,0.8,5.5,10011,10003
2016-02-29T11:30:34.000+0000,2016-02-29T11:40:49.000+0000,1.4,8,10111,10021
2016-02-29T18:06:41.000+0000,2016-02-29T18:12:37.000+0000,0.69,5.5,10021,10021
2016-02-11T22:32:54.000+0000,2016-02-11T22:45:20.000+0000,1.8,9.5,10103,10001
2016-02-11T11:08:13.000+0000,2016-02-11T11:42:52.000+0000,8.2,30.5,10119,10026
2016-02-06T21:51:28.000+0000,2016-02-06T21:53:54.000+0000,0.82,4.5,10023,10023
2016-02-25T20:35:02.000+0000,2016-02-25T20:41:40.000+0000,1.29,7,10023,10162
2016-02-27T14:53:58.000+0000,2016-02-27T14:59:54.000+0000,0.73,5.5,10001,10199
2016-02-12T15:52:21.000+0000,2016-02-12T15:58:36.000+0000,0.52,5.5,10028,10028
2016-02-16T23:10:58.000+0000,2016-02-16T23:29:21.000+0000,5.6,19,10001,11238
2016-02-25T13:12:09.000+0000,2016-02-25T13:23:09.000+0000,0.9,8,10020,10167
2016-02-28T12:46:01.000+0000,2016-02-28T12:54:38.000+0000,1.4,8,10023,10021
2016-02-27T18:11:51.000+0000,2016-02-27T18:18:33.000+0000,1.01,6.5,10012,10011
2016-02-15T09:46:06.000+0000,2016-02-15T09:50:22.000+0000,1.1,5.5,11105,11105
2016-02-24T08:01:54.000+0000,2016-02-24T08:25:03.000+0000,4.7,18.5,10282,10103
2016-02-16T22:06:52.000+0000,2016-02-16T22:13:40.000+0000,1,6.5,10199,10018
2016-02-24T14:19:09.000+0000,2016-02-24T14:26:44.000+0000,0.85,6.5,10003,10009
2016-02-24T18:17:27.000+0000,2016-02-24T18:36:55.000+0000,1.6,13,10110,10011
2016-02-29T09:57:26.000+0000,2016-02-29T10:28:26.000+0000,3.6,19,10018,10021
2016-02-13T08:05:54.000+0000,2016-02-13T08:12:04.000+0000,1.6,7.5,10044,10029
2016-02-27T12:44:30.000+0000,2016-02-27T12:48:33.000+0000,0.6,4.5,10018,10018
2016-02-12T16:16:15.000+0000,2016-02-12T16:24:00.000+0000,1.7,7.5,10018,10069
2016-02-11T23:08:55.000+0000,2016-02-11T23:32:30.000+0000,8.43,27.5,10011,11230
2016-02-04T20:23:55.000+0000,2016-02-04T20:36:54.000+0000,2.41,10.5,10014,10110
2016-02-28T10:45:11.000+0000,2016-02-28T10:53:57.000+0000,1.2,7.5,10009,10001
2016-02-19T14:06:27.000+0000,2016-02-19T14:21:23.000+0000,1.7,10.5,10199,10003
2016-02-19T19:46:35.000+0000,2016-02-19T19:56:09.000+0000,1,7.5,10020,10119
2016-02-07T09:02:37.000+0000,2016-02-07T09:06:02.000+0000,0.8,5,10019,10020
2016-02-03T14:27:15.000+0000,2016-02-03T15:03:36.000+0000,4.37,23.5,10013,10022
2016-02-27T14:17:20.000+0000,2016-02-27T14:43:13.000+0000,3.51,17.5,10011,10065
2016-02-05T14:23:48.000+0000,2016-02-05T14:35:36.000+0000,2,10.5,10019,10162
2016-02-26T03:45:52.000+0000,2016-02-26T04:12:51.000+0000,7.7,26.5,10017,11237
2016-02-13T22:26:56.000+0000,2016-02-13T22:37:01.000+0000,1.31,8,10007,10012
2016-02-21T22:13:17.000+0000,2016-02-21T22:23:54.000+0000,1.7,9,10011,10110
2016-02-09T23:47:52.000+0000,2016-02-09T23:52:27.000+0000,1.04,5.5,11211,11222
2016-02-05T15:45:13.000+0000,2016-02-05T16:18:53.000+0000,9.19,31,10003,11371
2016-02-05T11:38:23.000+0000,2016-02-05T11:48:11.000+0000,1.56,8.5,10065,10023
2016-02-22T19:51:57.000+0000,2016-02-22T20:01:40.000+0000,3.89,13.5,10006,10002
2016-02-01T15:04:42.000+0000,2016-02-01T15:13:08.000+0000,1.05,7,10119,10110
2016-02-07T01:49:57.000+0000,2016-02-07T02:01:31.000+0000,1.5,9.5,10012,10002
2016-02-23T16:07:36.000+0000,2016-02-23T16:20:44.000+0000,1.33,9.5,10012,10278
2016-02-04T09:17:02.000+0000,2016-02-04T09:20:52.000+0000,0.7,4.5,10028,10028
2016-02-25T18:49:10.000+0000,2016-02-25T19:21:59.000+0000,9.6,32,11371,10002
2016-02-06T16:57:29.000+0000,2016-02-06T16:59:28.000+0000,0.3,3.5,10001,10001
2016-02-03T20:44:36.000+0000,2016-02-03T21:05:26.000+0000,6.1,20.5,10012,11231
2016-02-05T09:49:58.000+0000,2016-02-05T09:57:21.000+0000,0.92,6.5,10028,10028
2016-02-26T07:25:20.000+0000,2016-02-26T07:33:02.000+0000,1.5,7.5,10003,10001
2016-02-24T22:31:53.000+0000,2016-02-24T22:39:30.000+0000,1.69,7.5,10152,10021
2016-02-02T11:36:07.000+0000,2016-02-02T11:43:28.000+0000,0.7,6.5,10023,10023
2016-02-07T07:46:19.000+0000,2016-02-07T07:58:05.000+0000,3.09,11.5,10162,10039
2016-02-02T15:28:05.000+0000,2016-02-02T15:42:23.000+0000,2.1,11,10019,10044
2016-02-07T18:25:35.000+0000,2016-02-07T18:35:35.000+0000,1.92,9,10011,10013
2016-02-19T15:02:51.000+0000,2016-02-19T16:00:27.000+0000,17.1,0.01,10103,11422
2016-02-15T11:24:27.000+0000,2016-02-15T11:24:36.000+0000,0,2.5,11422,11422
2016-02-05T01:05:32.000+0000,2016-02-05T01:17:52.000+0000,3.84,13.5,10002,11237
2016-02-13T11:12:04.000+0000,2016-02-13T11:24:14.000+0000,5.06,16.5,10028,10002
2016-02-16T00:45:43.000+0000,2016-02-16T00:55:53.000+0000,2.71,10.5,10003,10018
2016-02-20T10:05:10.000+0000,2016-02-20T10:14:30.000+0000,1.35,7.5,10002,10012
2016-02-02T09:44:18.000+0000,2016-02-02T09:57:54.000+0000,5.5,17.5,10009,10035
2016-02-15T07:51:45.000+0000,2016-02-15T07:58:14.000+0000,2.46,8.5,10009,10021
2016-02-03T07:21:56.000+0000,2016-02-03T07:44:20.000+0000,4.4,17.5,10007,10022
2016-02-05T17:32:04.000+0000,2016-02-05T17:38:27.000+0000,0.7,6,10111,10110
2016-02-28T23:20:15.000+0000,2016-02-28T23:47:12.000+0000,8.1,26.5,10103,11206
2016-02-07T17:14:07.000+0000,2016-02-07T17:18:17.000+0000,1.31,6,10021,10044
2016-02-23T13:44:27.000+0000,2016-02-23T14:32:51.000+0000,5.7,31,10016,10027
2016-02-24T18:15:40.000+0000,2016-02-24T18:37:37.000+0000,1.26,13.5,10171,10018
2016-02-21T03:18:04.000+0000,2016-02-21T03:50:48.000+0000,14.3,42,10022,11204
2016-02-06T16:16:05.000+0000,2016-02-06T16:27:31.000+0000,1.29,8.5,10014,10012
2016-02-24T22:41:18.000+0000,2016-02-24T22:49:43.000+0000,1.33,7.5,10103,10022
2016-02-05T06:39:57.000+0000,2016-02-05T06:53:32.000+0000,2.6,12.5,10029,10167
2016-02-06T05:02:14.000+0000,2016-02-06T05:05:41.000+0000,1.18,5.5,10011,10119
2016-02-26T20:34:10.000+0000,2016-02-26T20:51:15.000+0000,2.72,13,10009,10018
2016-02-27T03:54:27.000+0000,2016-02-27T04:15:01.000+0000,7.83,24.5,10012,11218
2016-02-03T17:21:02.000+0000,2016-02-03T17:35:54.000+0000,1.7,11,10023,10020
2016-02-15T15:15:49.000+0000,2016-02-15T15:30:31.000+0000,1.3,10,10103,10103
2016-02-11T22:10:44.000+0000,2016-02-11T22:27:39.000+0000,4.9,17.5,10013,10023
2016-02-10T22:24:30.000+0000,2016-02-10T22:33:22.000+0000,1.14,7.5,10019,10167
2016-02-22T15:36:37.000+0000,2016-02-22T15:51:20.000+0000,2,11,10167,10028
2016-02-23T19:47:14.000+0000,2016-02-23T20:02:39.000+0000,1.63,11,10012,10009
2016-02-04T16:29:38.000+0000,2016-02-04T16:58:56.000+0000,5.2,22,10282,10111
2016-02-23T11:45:06.000+0000,2016-02-23T12:00:41.000+0000,2.13,12,10019,10025
2016-02-12T17:37:24.000+0000,2016-02-12T17:45:57.000+0000,0.9,7,10103,10023
2016-02-02T13:46:41.000+0000,2016-02-02T13:58:34.000+0000,1.79,9.5,10153,10044
2016-02-29T08:21:17.000+0000,2016-02-29T08:33:17.000+0000,1.88,10,10171,10021
2016-02-17T14:11:09.000+0000,2016-02-17T14:15:03.000+0000,0.5,4.5,10021,10021
2016-02-09T00:17:12.000+0000,2016-02-09T00:22:09.000+0000,1.28,6,10020,10199
2016-02-17T13:33:48.000+0000,2016-02-17T13:52:52.000+0000,2.68,14,10002,10199
2016-02-14T16:50:00.000+0000,2016-02-14T17:02:26.000+0000,1.85,10,10119,10153
2016-02-15T10:41:22.000+0000,2016-02-15T10:42:48.000+0000,0.3,3,10001,10110
2016-02-21T14:24:41.000+0000,2016-02-21T14:49:15.000+0000,4.1,20,10003,11217
2016-02-22T19:31:48.000+0000,2016-02-22T19:36:11.000+0000,0.6,5,10001,10009
2016-02-17T17:13:16.000+0000,2016-02-17T17:23:50.000+0000,1.1,8,10003,10001
2016-02-08T19:55:15.000+0000,2016-02-08T20:13:38.000+0000,9.13,26,11371,10022
2016-02-16T09:27:29.000+0000,2016-02-16T10:00:29.000+0000,16.08,45.5,10171,10006
2016-02-15T10:15:18.000+0000,2016-02-15T10:22:54.000+0000,0.99,7,10002,10012
2016-02-26T15:36:59.000+0000,2016-02-26T15:54:24.000+0000,1.51,12,10119,10103
2016-02-23T17:07:00.000+0000,2016-02-23T17:11:14.000+0000,0.92,5,10199,10019
2016-02-14T20:12:44.000+0000,2016-02-14T20:28:12.000+0000,3.9,14.5,10017,11106
2016-02-10T21:43:15.000+0000,2016-02-10T21:51:35.000+0000,1.72,8,10012,10001
2016-02-07T21:13:47.000+0000,2016-02-07T21:26:45.000+0000,2.8,11.5,10009,10171
2016-02-09T11:25:31.000+0000,2016-02-09T11:38:40.000+0000,2.13,11,10152,10003
2016-02-06T22:06:37.000+0000,2016-02-06T22:13:59.000+0000,1.62,7.5,10023,10162
2016-02-08T21:31:49.000+0000,2016-02-08T21:40:34.000+0000,1.64,8,10103,10017
2016-02-26T17:35:27.000+0000,2016-02-26T17:52:34.000+0000,2.51,13,11222,11237
2016-02-13T14:57:31.000+0000,2016-02-13T15:10:52.000+0000,1.66,10,10119,10017
2016-02-29T08:47:51.000+0000,2016-02-29T08:55:41.000+0000,0.8,6.5,10110,10119
2016-02-26T11:22:37.000+0000,2016-02-26T11:51:14.000+0000,16.7,52,10017,11422
2016-02-29T14:49:45.000+0000,2016-02-29T15:15:05.000+0000,5.61,21,10103,10006
2016-02-24T08:38:12.000+0000,2016-02-24T08:53:49.000+0000,3.6,14,10271,10199
2016-02-18T17:28:20.000+0000,2016-02-18T17:42:14.000+0000,0.85,9.5,10153,10065
2016-02-06T14:32:46.000+0000,2016-02-06T14:50:49.000+0000,2.2,12.5,10110,10153
2016-02-02T18:26:29.000+0000,2016-02-02T18:35:10.000+0000,1.6,8.5,10019,10162
2016-02-09T18:24:44.000+0000,2016-02-09T18:32:20.000+0000,1,6.5,10003,10009
2016-02-18T13:05:09.000+0000,2016-02-18T13:11:53.000+0000,0.43,6,10110,10001
2016-02-07T11:05:00.000+0000,2016-02-07T11:11:32.000+0000,1.34,7,10014,10001
2016-02-05T22:39:18.000+0000,2016-02-05T22:46:44.000+0000,1.19,7,10003,10016
2016-02-09T12:24:21.000+0000,2016-02-09T12:35:29.000+0000,1.22,8.5,10018,10020
2016-02-06T20:51:35.000+0000,2016-02-06T21:01:12.000+0000,1.73,8.5,10002,10006
2016-02-22T20:47:05.000+0000,2016-02-22T21:10:02.000+0000,7.75,25.5,10044,11211
2016-02-27T03:09:50.000+0000,2016-02-27T03:09:55.000+0000,0,2.5,10017,10017
2016-02-14T18:01:03.000+0000,2016-02-14T18:04:42.000+0000,0.3,4.5,10003,10012
2016-02-14T03:36:46.000+0000,2016-02-14T03:40:56.000+0000,1.3,6,10001,10011
2016-02-10T09:13:53.000+0000,2016-02-10T09:29:20.000+0000,2.52,12,10110,10013
2016-02-16T16:14:53.000+0000,2016-02-16T16:20:21.000+0000,0.5,5,10103,10018
2016-02-11T19:57:20.000+0000,2016-02-11T20:16:55.000+0000,4.3,16.5,10002,11217
2016-02-22T15:02:17.000+0000,2016-02-22T15:44:17.000+0000,17.32,52,11422,10001
2016-02-23T19:07:25.000+0000,2016-02-23T19:24:27.000+0000,2.19,12,10110,10014
2016-02-06T16:29:45.000+0000,2016-02-06T16:41:27.000+0000,1.36,9,10003,10278
2016-02-26T11:17:31.000+0000,2016-02-26T11:52:32.000+0000,8.44,30.5,10171,10282
2016-02-21T01:55:13.000+0000,2016-02-21T02:02:44.000+0000,1.4,7.5,10018,10153
2016-02-29T22:10:09.000+0000,2016-02-29T23:02:35.000+0000,18.4,52,11422,10018
2016-02-29T12:58:01.000+0000,2016-02-29T13:10:43.000+0000,1.56,10,10111,10003
2016-02-27T22:00:32.000+0000,2016-02-27T22:05:57.000+0000,1.1,6,10023,10020
2016-02-11T18:24:26.000+0000,2016-02-11T18:32:56.000+0000,0.73,7,10003,10003
2016-02-17T10:13:15.000+0000,2016-02-17T10:16:15.000+0000,0.51,4,10028,10029
2016-02-17T20:48:22.000+0000,2016-02-17T20:54:07.000+0000,0.4,5.5,10017,10110
2016-02-13T14:58:45.000+0000,2016-02-13T15:16:56.000+0000,3.17,14.5,10103,10044
2016-02-23T09:46:28.000+0000,2016-02-23T10:16:39.000+0000,1.9,18,10199,10171
2016-02-03T07:26:59.000+0000,2016-02-03T07:37:32.000+0000,1.5,8.5,10001,10153
2016-02-14T18:47:56.000+0000,2016-02-14T18:52:50.000+0000,0.8,5.5,10001,10110
2016-02-04T02:21:23.000+0000,2016-02-04T02:33:51.000+0000,3.43,13,10003,11205
2016-02-06T11:36:55.000+0000,2016-02-06T11:42:25.000+0000,0.97,5.5,10003,10012
2016-02-15T14:06:28.000+0000,2016-02-15T14:09:55.000+0000,0.5,4.5,10021,10021
2016-02-11T09:51:35.000+0000,2016-02-11T09:58:45.000+0000,1.05,7,10028,10065
2016-02-21T01:22:29.000+0000,2016-02-21T01:31:27.000+0000,2.26,10,10002,11211
2016-02-19T11:15:56.000+0000,2016-02-19T11:24:36.000+0000,0.8,7,10011,10003
2016-02-19T22:25:00.000+0000,2016-02-19T22:33:04.000+0000,1,7,10011,10199
2016-02-21T01:02:17.000+0000,2016-02-21T01:10:12.000+0000,1.9,8,10001,10022
2016-02-25T01:28:47.000+0000,2016-02-25T01:37:10.000+0000,2.68,9.5,10006,10003
2016-02-04T09:58:45.000+0000,2016-02-04T10:01:33.000+0000,0,3.5,10103,10019
2016-02-24T15:55:50.000+0000,2016-02-24T16:05:11.000+0000,1.2,7.5,10110,10119
2016-02-20T09:44:06.000+0000,2016-02-20T09:48:29.000+0000,0.9,5.5,10019,10018
2016-02-07T01:06:57.000+0000,2016-02-07T01:29:29.000+0000,8.3,26,10002,10025
2016-02-28T20:42:25.000+0000,2016-02-28T21:04:28.000+0000,4.6,18,10013,11221
2016-02-04T23:14:17.000+0000,2016-02-04T23:31:18.000+0000,3.8,15,10003,10153
2016-02-24T03:39:20.000+0000,2016-02-24T03:48:26.000+0000,2.1,9,10002,10011
2016-02-01T14:19:32.000+0000,2016-02-01T14:29:56.000+0000,3.8,13,10005,10016
2016-02-03T19:39:05.000+0000,2016-02-03T19:58:19.000+0000,3.49,15.5,10162,10110
2016-02-25T09:27:48.000+0000,2016-02-25T09:34:52.000+0000,0.7,6,10022,10065
2016-02-27T23:29:24.000+0000,2016-02-28T00:08:22.000+0000,11.56,37.5,10119,11206
2016-02-05T23:05:09.000+0000,2016-02-05T23:16:41.000+0000,2.66,11,10017,10023
2016-02-05T15:19:22.000+0000,2016-02-05T15:27:20.000+0000,1.08,7,10103,10119
2016-02-19T21:38:43.000+0000,2016-02-19T22:03:13.000+0000,9.8,30,11371,10009
2016-02-21T13:04:53.000+0000,2016-02-21T13:20:35.000+0000,3.29,13.5,10028,10016
2016-02-05T18:57:20.000+0000,2016-02-05T19:21:00.000+0000,2.97,16,10119,10012
2016-02-03T14:31:38.000+0000,2016-02-03T14:32:28.000+0000,0.2,3,10027,10027
2016-02-13T02:41:28.000+0000,2016-02-13T02:49:14.000+0000,0.43,6.5,10011,10011
2016-02-13T13:14:40.000+0000,2016-02-13T13:25:02.000+0000,1.7,9,10023,10021
2016-02-11T18:46:23.000+0000,2016-02-11T18:52:50.000+0000,1.43,7,10199,10018
2016-02-18T18:12:10.000+0000,2016-02-18T18:25:01.000+0000,1.76,10,10167,10009
2016-02-13T19:54:35.000+0000,2016-02-13T20:07:34.000+0000,2.9,13,10023,10018
2016-02-04T11:42:14.000+0000,2016-02-04T11:57:15.000+0000,2.06,11.5,10028,10022
2016-02-08T08:21:10.000+0000,2016-02-08T08:43:25.000+0000,2.06,14,10021,10110
2016-02-14T12:03:50.000+0000,2016-02-14T12:12:44.000+0000,0.66,7,10002,10278
2016-02-23T15:16:44.000+0000,2016-02-23T15:23:37.000+0000,0.77,6.5,10009,10016
2016-02-17T19:22:53.000+0000,2016-02-17T19:28:20.000+0000,0.6,5.5,10003,10009
2016-02-23T09:33:47.000+0000,2016-02-23T09:44:15.000+0000,1.7,9,10023,10020
2016-02-14T15:02:48.000+0000,2016-02-14T15:05:47.000+0000,0.37,4,10012,10003
2016-02-06T23:41:38.000+0000,2016-02-06T23:55:31.000+0000,2.33,11.5,10119,10019
2016-02-11T21:32:56.000+0000,2016-02-11T21:43:56.000+0000,1.3,9,10009,10001
2016-02-21T04:23:45.000+0000,2016-02-21T04:28:00.000+0000,0.7,5,10018,10018
2016-02-18T17:31:13.000+0000,2016-02-18T17:38:48.000+0000,0.6,6,10001,10119
2016-02-25T16:50:07.000+0000,2016-02-25T16:58:10.000+0000,1.07,7,10119,10001
2016-02-10T10:14:18.000+0000,2016-02-10T10:40:14.000+0000,4.25,19.5,10167,10023
2016-02-06T22:58:27.000+0000,2016-02-06T23:06:53.000+0000,1.3,7.5,10012,10011
2016-02-14T19:38:32.000+0000,2016-02-14T19:45:44.000+0000,0.5,5.5,10199,10199
2016-02-13T13:26:57.000+0000,2016-02-13T13:37:55.000+0000,1.47,9,10199,10018
2016-02-20T18:55:19.000+0000,2016-02-20T19:22:24.000+0000,3.12,17.5,10018,10012
2016-02-05T06:12:30.000+0000,2016-02-05T06:48:30.000+0000,15.7,44,11231,10032
2016-02-24T14:55:36.000+0000,2016-02-24T15:00:06.000+0000,0.7,5,10028,10029
2016-02-16T10:34:38.000+0000,2016-02-16T10:48:29.000+0000,1.78,10.5,10171,10044
2016-02-04T08:37:00.000+0000,2016-02-04T08:59:08.000+0000,2.1,14.5,10028,10017
2016-02-11T18:44:07.000+0000,2016-02-11T19:12:54.000+0000,4.99,21,10012,10023
2016-02-03T10:35:00.000+0000,2016-02-03T10:39:09.000+0000,0.49,4.5,10110,10001
2016-02-06T15:37:09.000+0000,2016-02-06T15:52:28.000+0000,2.16,11.5,10023,10110
2016-02-20T03:04:11.000+0000,2016-02-20T03:13:19.000+0000,1.3,8,10009,10012
2016-02-15T03:41:35.000+0000,2016-02-15T03:45:15.000+0000,0.7,5,10014,10011
2016-02-08T08:18:18.000+0000,2016-02-08T08:37:28.000+0000,2.22,13,10023,10028
2016-02-10T16:38:24.000+0000,2016-02-10T17:07:15.000+0000,5,20.5,10110,10005
2016-02-05T21:36:14.000+0000,2016-02-05T21:42:16.000+0000,1.18,6.5,10199,10018
2016-02-22T15:11:13.000+0000,2016-02-22T15:19:06.000+0000,3.39,11.5,11371,11105
2016-02-22T06:29:00.000+0000,2016-02-22T06:32:45.000+0000,1.21,5.5,11102,11106
2016-02-19T21:53:31.000+0000,2016-02-19T22:07:07.000+0000,2.02,10.5,10017,10003
2016-02-13T17:35:27.000+0000,2016-02-13T17:52:28.000+0000,3.5,15,10031,10023
2016-02-25T01:13:30.000+0000,2016-02-25T01:34:02.000+0000,5.5,19.5,10271,10018
2016-02-01T12:19:05.000+0000,2016-02-01T12:34:19.000+0000,3.92,14.5,11370,11106
2016-02-11T19:30:26.000+0000,2016-02-11T19:40:42.000+0000,1.2,8,10023,10069
2016-02-25T22:03:31.000+0000,2016-02-25T22:05:57.000+0000,0.32,3.5,10012,10012
2016-02-01T20:39:52.000+0000,2016-02-01T20:52:12.000+0000,3.35,13,10282,10001
2016-02-06T13:09:30.000+0000,2016-02-06T13:39:49.000+0000,11.68,35,11211,11229
2016-02-22T08:46:36.000+0000,2016-02-22T08:58:53.000+0000,2.48,11,10028,10025
2016-02-01T11:31:09.000+0000,2016-02-01T11:47:28.000+0000,5.15,18,10162,10032
2016-02-11T00:21:09.000+0000,2016-02-11T00:27:48.000+0000,1.4,7,11206,11216
2016-02-26T17:40:47.000+0000,2016-02-26T18:27:10.000+0000,10.3,37,11371,10023
2016-02-21T23:42:27.000+0000,2016-02-22T00:04:59.000+0000,10.8,31.5,11371,10018
2016-02-11T14:21:38.000+0000,2016-02-11T14:29:10.000+0000,0.9,6.5,10011,10014
2016-02-18T21:16:44.000+0000,2016-02-18T21:33:25.000+0000,7.59,23.5,10280,10044
2016-02-03T06:43:58.000+0000,2016-02-03T06:50:17.000+0000,1.57,7,10009,10001
2016-02-23T14:53:44.000+0000,2016-02-23T15:01:10.000+0000,0.79,6.5,10110,10154
2016-02-28T10:30:14.000+0000,2016-02-28T10:39:08.000+0000,1.6,8,10171,10119
2016-02-17T10:59:55.000+0000,2016-02-17T11:10:48.000+0000,1.8,9,10199,10013
2016-02-15T14:14:11.000+0000,2016-02-15T14:39:24.000+0000,5.6,20.5,10119,11102
2016-02-03T14:13:04.000+0000,2016-02-03T14:41:26.000+0000,2.5,17.5,10199,10022
2016-02-18T15:18:22.000+0000,2016-02-18T15:34:53.000+0000,2.02,12,10044,10023
2016-02-04T14:29:08.000+0000,2016-02-04T14:41:52.000+0000,1.15,9,10103,10119
2016-02-06T09:56:23.000+0000,2016-02-06T10:14:02.000+0000,2.84,13.5,10003,10002
2016-02-03T11:10:52.000+0000,2016-02-03T11:18:52.000+0000,1.42,7,10017,10009
2016-02-04T07:49:03.000+0000,2016-02-04T07:56:12.000+0000,1.2,7,10021,10152
2016-02-10T07:43:44.000+0000,2016-02-10T07:47:44.000+0000,1.7,6.5,11201,10007
2016-02-25T10:08:55.000+0000,2016-02-25T10:17:44.000+0000,1.12,7.5,10199,10199
2016-02-29T07:49:37.000+0000,2016-02-29T08:21:04.000+0000,7.93,28.5,11422,11421
2016-02-17T18:28:39.000+0000,2016-02-17T18:35:43.000+0000,1.3,7,10022,10021
2016-02-09T07:52:06.000+0000,2016-02-09T08:00:41.000+0000,1.39,7.5,10162,10023
2016-02-27T21:16:25.000+0000,2016-02-27T21:21:31.000+0000,0.81,5.5,10019,10023
2016-02-08T21:34:41.000+0000,2016-02-08T21:57:35.000+0000,5.1,19,10028,10278
2016-02-24T11:49:04.000+0000,2016-02-24T12:13:28.000+0000,1.5,15,10001,10017
2016-02-05T22:09:43.000+0000,2016-02-05T22:20:08.000+0000,2.9,11,11201,10012
2016-02-26T20:00:25.000+0000,2016-02-26T20:08:22.000+0000,0.6,6.5,10023,10103
2016-02-15T10:37:51.000+0000,2016-02-15T10:40:15.000+0000,0.4,3.5,10111,10154
2016-02-24T17:19:48.000+0000,2016-02-24T17:46:52.000+0000,4.04,19,10012,10069
2016-02-04T09:00:25.000+0000,2016-02-04T09:08:05.000+0000,1.23,7,11231,11231
2016-02-23T13:06:20.000+0000,2016-02-23T13:08:57.000+0000,0.5,4,10009,10009
2016-02-20T01:26:06.000+0000,2016-02-20T01:33:36.000+0000,1.05,7,10006,10006
2016-02-18T19:55:05.000+0000,2016-02-18T20:26:25.000+0000,11.8,36,11371,10019
2016-02-17T21:25:48.000+0000,2016-02-17T21:31:12.000+0000,1,6,10119,10199
2016-02-20T19:39:58.000+0000,2016-02-20T19:52:14.000+0000,2.5,10.5,10162,10069
2016-02-20T18:07:27.000+0000,2016-02-20T18:09:11.000+0000,0.45,3.5,10018,10119
2016-02-12T19:03:53.000+0000,2016-02-12T19:12:36.000+0000,1,7.5,10001,10011
2016-02-17T14:35:17.000+0000,2016-02-17T14:42:12.000+0000,1.12,6.5,10044,10028
2016-02-02T22:48:33.000+0000,2016-02-02T23:00:13.000+0000,3.6,12.5,10019,10026
2016-02-17T23:17:34.000+0000,2016-02-17T23:20:54.000+0000,0.58,4.5,10001,10011
2016-02-29T16:05:28.000+0000,2016-02-29T16:23:37.000+0000,7.9,24,11371,10017
2016-02-11T13:25:10.000+0000,2016-02-11T13:37:23.000+0000,8.9,52,11368,10035
2016-02-04T15:24:56.000+0000,2016-02-04T15:46:28.000+0000,2.33,14.5,10013,10001
2016-02-04T19:34:56.000+0000,2016-02-04T19:49:35.000+0000,4.1,14.5,10028,10009
2016-02-25T05:42:59.000+0000,2016-02-25T06:00:02.000+0000,4.5,15.5,11102,10021
2016-02-23T13:56:25.000+0000,2016-02-23T14:26:45.000+0000,4.1,20,10006,10110
2016-02-25T22:16:29.000+0000,2016-02-25T22:27:35.000+0000,2,10,10103,10028
2016-02-17T04:02:07.000+0000,2016-02-17T04:20:07.000+0000,6,20,10020,11105
2016-02-27T23:20:47.000+0000,2016-02-27T23:44:36.000+0000,4.9,19.5,10001,10006
2016-02-24T07:04:26.000+0000,2016-02-24T07:15:30.000+0000,1.6,9,10009,10014
2016-02-23T21:20:21.000+0000,2016-02-23T21:26:09.000+0000,1.02,6,10001,10011
2016-02-03T17:45:22.000+0000,2016-02-03T17:52:15.000+0000,0.5,6,10065,10153
2016-02-10T08:30:00.000+0000,2016-02-10T08:32:50.000+0000,0.4,4,10152,10153
2016-02-04T07:43:08.000+0000,2016-02-04T07:49:33.000+0000,0.9,6,10017,10154
2016-02-08T11:21:48.000+0000,2016-02-08T11:26:59.000+0000,1.68,7,10028,10026
2016-02-29T20:38:30.000+0000,2016-02-29T20:42:32.000+0000,0.91,5,10009,10003
2016-02-16T19:20:27.000+0000,2016-02-16T20:04:27.000+0000,10.24,35.5,11221,10018
2016-02-25T18:31:51.000+0000,2016-02-25T18:57:20.000+0000,3.79,18,10162,10017
2016-02-20T16:54:25.000+0000,2016-02-20T17:40:14.000+0000,17.34,52,11422,10110
2016-02-01T09:22:46.000+0000,2016-02-01T09:24:26.000+0000,0.3,3.5,10167,10022
2016-02-15T20:12:48.000+0000,2016-02-15T20:28:40.000+0000,2.99,13,10002,10199
2016-02-25T08:13:47.000+0000,2016-02-25T08:17:10.000+0000,0.86,5,10110,10018
2016-02-14T13:13:44.000+0000,2016-02-14T13:17:55.000+0000,0.7,5.5,10025,10023
2016-02-12T08:54:46.000+0000,2016-02-12T09:11:59.000+0000,2.16,13,10028,10112
2016-02-23T13:28:08.000+0000,2016-02-23T13:43:19.000+0000,1.35,10.5,10065,10016
2016-02-07T01:24:04.000+0000,2016-02-07T01:43:36.000+0000,9.54,28,10002,10039
2016-02-26T18:55:23.000+0000,2016-02-27T18:50:30.000+0000,0.74,6,10023,10103
2016-02-04T14:10:11.000+0000,2016-02-04T14:14:01.000+0000,1,5.5,10110,10011
2016-02-04T08:20:25.000+0000,2016-02-04T08:29:54.000+0000,1.33,8.5,10003,10014
2016-02-03T21:54:41.000+0000,2016-02-03T22:06:30.000+0000,1.6,9,10020,10001
2016-02-24T09:21:56.000+0000,2016-02-24T09:27:58.000+0000,0.5,5.5,10011,10011
2016-02-17T17:38:12.000+0000,2016-02-17T17:46:09.000+0000,0.96,7,10119,10018
2016-02-29T09:52:08.000+0000,2016-02-29T10:03:51.000+0000,1.23,9,10009,10001
2016-02-25T15:05:57.000+0000,2016-02-25T15:27:35.000+0000,3.3,15.5,10019,10011
2016-02-27T23:00:59.000+0000,2016-02-27T23:23:58.000+0000,3.92,17,10103,10002
2016-02-02T23:51:40.000+0000,2016-02-03T00:05:50.000+0000,2.7,12,10009,10018
2016-02-01T11:31:26.000+0000,2016-02-01T11:42:33.000+0000,1.6,9,10017,10199
2016-02-04T14:04:23.000+0000,2016-02-04T14:53:11.000+0000,10.13,40,10011,11371
2016-02-11T22:50:55.000+0000,2016-02-11T22:58:16.000+0000,0.8,6.5,10003,10014
2016-02-07T23:55:23.000+0000,2016-02-08T00:05:19.000+0000,2.3,9.5,10103,10044
2016-02-26T08:20:23.000+0000,2016-02-26T09:10:53.000+0000,0,27.5,10037,11377
2016-02-06T18:50:06.000+0000,2016-02-06T19:30:35.000+0000,17.7,52,11422,10110
2016-02-17T19:40:53.000+0000,2016-02-17T19:55:30.000+0000,2.1,11,10154,10003
2016-02-28T01:06:05.000+0000,2016-02-28T01:12:54.000+0000,1.7,7.5,10103,10021
2016-02-14T00:34:13.000+0000,2016-02-14T01:01:23.000+0000,7.12,25,10009,11372
2016-02-27T13:13:50.000+0000,2016-02-27T13:31:18.000+0000,0.82,11,10002,10001
2016-02-17T10:56:06.000+0000,2016-02-17T11:10:25.000+0000,0.89,10,10153,10065
2016-02-21T22:10:50.000+0000,2016-02-21T22:25:48.000+0000,4.99,17,10282,11205
2016-02-02T09:40:43.000+0000,2016-02-02T09:55:43.000+0000,1.5,10.5,10018,10019
2016-02-14T00:02:25.000+0000,2016-02-14T00:15:05.000+0000,0.5,8.5,10014,10014
2016-02-02T22:51:32.000+0000,2016-02-02T22:59:02.000+0000,1.4,7,10014,10013
2016-02-02T23:14:17.000+0000,2016-02-02T23:17:37.000+0000,0.9,5,10028,10021
2016-02-16T00:36:13.000+0000,2016-02-16T00:55:11.000+0000,7.59,23.5,11371,10115
2016-02-16T09:50:24.000+0000,2016-02-16T09:53:32.000+0000,0.43,4,10153,10152
2016-02-18T00:06:22.000+0000,2016-02-18T00:24:16.000+0000,8.26,24.5,10018,10034
2016-02-13T00:11:46.000+0000,2016-02-13T00:27:55.000+0000,2.8,12.5,10001,10021
2016-02-24T23:23:57.000+0000,2016-02-24T23:36:23.000+0000,1.97,10,10017,10018
2016-02-25T09:42:34.000+0000,2016-02-25T10:00:12.000+0000,2.39,13,10003,10152
2016-02-02T18:34:54.000+0000,2016-02-02T18:41:33.000+0000,1.1,6.5,10028,10065
2016-02-09T14:56:44.000+0000,2016-02-09T15:15:24.000+0000,2.1,13,10003,10018
2016-02-24T21:44:09.000+0000,2016-02-24T21:51:03.000+0000,1.57,7.5,10153,10023
2016-02-05T20:35:05.000+0000,2016-02-05T20:58:24.000+0000,3,16,10278,10199
2016-02-19T04:48:12.000+0000,2016-02-19T04:56:38.000+0000,2.9,10,10027,10023
2016-02-09T07:59:40.000+0000,2016-02-09T08:05:42.000+0000,0.63,5.5,10028,10028
2016-02-23T13:55:42.000+0000,2016-02-23T14:06:29.000+0000,0.96,8,10171,10020
2016-02-18T20:04:17.000+0000,2016-02-18T20:19:33.000+0000,2.5,12,10021,10009
2016-02-04T20:54:53.000+0000,2016-02-04T21:29:05.000+0000,7.03,27,10110,11231
2016-02-01T16:06:45.000+0000,2016-02-01T16:15:31.000+0000,1.18,7.5,10023,10021
2016-02-22T00:28:49.000+0000,2016-02-22T00:32:30.000+0000,0.67,4.5,10001,10017
2016-02-07T18:04:37.000+0000,2016-02-07T18:16:55.000+0000,3,12,10013,10003
2016-02-10T06:17:14.000+0000,2016-02-10T06:29:25.000+0000,3.5,12.5,10199,10021
2016-02-09T11:44:16.000+0000,2016-02-09T11:54:47.000+0000,1.1,8,10016,10154
2016-02-13T22:38:11.000+0000,2016-02-13T22:47:44.000+0000,1.69,8.5,10012,10014
2016-02-13T14:57:50.000+0000,2016-02-13T15:32:07.000+0000,5.4,24,10002,10023
2016-02-19T04:19:19.000+0000,2016-02-19T04:25:22.000+0000,2.13,8,11102,11106
2016-02-14T18:03:35.000+0000,2016-02-14T18:13:57.000+0000,1.52,8.5,10009,10012
2016-02-19T23:48:20.000+0000,2016-02-19T23:54:30.000+0000,1.7,7,10023,10103
2016-02-16T20:09:40.000+0000,2016-02-16T20:19:38.000+0000,1.8,8.5,10020,10021
2016-02-21T03:36:01.000+0000,2016-02-21T03:43:24.000+0000,1.66,8,10022,10044
2016-02-09T21:19:45.000+0000,2016-02-09T21:55:10.000+0000,7.89,29,10019,11238
2016-02-23T22:04:49.000+0000,2016-02-23T22:11:00.000+0000,1.17,6.5,10011,10001
2016-02-10T14:01:35.000+0000,2016-02-10T14:32:01.000+0000,5.4,23.5,10282,10153
2016-02-13T16:08:57.000+0000,2016-02-13T16:19:55.000+0000,2.28,10,10017,10002
2016-02-16T13:55:10.000+0000,2016-02-16T14:05:46.000+0000,0.5,7.5,10020,10110
2016-02-16T20:58:55.000+0000,2016-02-16T21:09:57.000+0000,3.4,12.5,11422,11436
2016-02-29T19:01:23.000+0000,2016-02-29T19:14:38.000+0000,2.7,12,10110,10028
2016-02-09T18:26:49.000+0000,2016-02-09T18:31:56.000+0000,0.95,5.5,10065,10021
2016-02-19T11:56:44.000+0000,2016-02-19T12:09:40.000+0000,1.72,9.5,10065,10110
2016-02-24T22:19:55.000+0000,2016-02-24T22:36:02.000+0000,12.49,95,11369,10803
2016-02-02T12:28:48.000+0000,2016-02-02T12:33:10.000+0000,0.52,4.5,10022,10022
2016-02-07T18:19:52.000+0000,2016-02-07T18:23:50.000+0000,0.57,4.5,10028,10028
2016-02-10T09:58:22.000+0000,2016-02-10T10:01:41.000+0000,0.4,4,10065,10021
2016-02-15T13:29:15.000+0000,2016-02-15T13:38:22.000+0000,1.81,8.5,10011,10199
2016-02-28T10:51:48.000+0000,2016-02-28T10:57:45.000+0000,0.95,6,10028,10021
2016-02-03T08:49:22.000+0000,2016-02-03T09:00:32.000+0000,1.08,8.5,10012,10014
2016-02-23T10:10:06.000+0000,2016-02-23T10:28:44.000+0000,4.6,17,10119,11201
2016-02-14T12:38:30.000+0000,2016-02-14T12:48:46.000+0000,1.5,8.5,10011,10009
2016-02-29T22:37:52.000+0000,2016-02-29T22:50:13.000+0000,8.31,23,11371,10017
2016-02-12T01:23:12.000+0000,2016-02-12T01:52:43.000+0000,20.92,52,11422,10028
2016-02-09T11:21:55.000+0000,2016-02-09T11:35:23.000+0000,1.61,10,10018,10001
2016-02-27T15:36:34.000+0000,2016-02-27T15:50:07.000+0000,1.5,10,11231,11217
2016-02-23T22:03:19.000+0000,2016-02-23T22:19:49.000+0000,6.84,21,10007,10044
2016-02-06T21:58:21.000+0000,2016-02-06T22:05:27.000+0000,1.1,7,10023,10065
2016-02-12T06:42:13.000+0000,2016-02-12T06:46:25.000+0000,0.6,5,10018,10020
2016-02-07T23:48:12.000+0000,2016-02-07T23:55:08.000+0000,2.63,9.5,10011,10006
2016-02-05T20:22:16.000+0000,2016-02-05T20:39:59.000+0000,7.47,22.5,10271,11109
2016-02-12T12:47:31.000+0000,2016-02-12T12:50:04.000+0000,0.3,3.5,10023,10023
2016-02-04T21:14:25.000+0000,2016-02-04T21:24:56.000+0000,1,8,10278,10002
2016-02-11T00:10:15.000+0000,2016-02-11T00:17:10.000+0000,1.49,7.5,10115,10023
2016-02-11T07:29:26.000+0000,2016-02-11T07:31:33.000+0000,0.47,3.5,10023,10023
2016-02-14T00:55:07.000+0000,2016-02-14T01:00:23.000+0000,1.22,6,10009,10016
2016-02-19T22:20:57.000+0000,2016-02-19T22:23:11.000+0000,0.8,4.5,10014,10199
2016-02-26T13:19:37.000+0000,2016-02-26T13:27:49.000+0000,1.5,8,10014,10001
2016-02-01T21:41:41.000+0000,2016-02-01T22:16:58.000+0000,19.34,52,11422,10020
2016-02-26T19:45:14.000+0000,2016-02-26T20:14:55.000+0000,5.4,22,10007,10044
2016-02-20T02:19:33.000+0000,2016-02-20T02:33:26.000+0000,2.7,12,10003,10018
2016-02-28T15:26:30.000+0000,2016-02-28T15:48:37.000+0000,2.81,15,10018,10012
2016-02-06T23:01:50.000+0000,2016-02-06T23:21:41.000+0000,1.9,13.5,10019,10110
2016-02-25T20:15:18.000+0000,2016-02-25T20:19:27.000+0000,0.6,4.5,10103,10019
2016-02-29T18:15:09.000+0000,2016-02-29T18:19:35.000+0000,0.7,5,10022,10167
2016-02-23T01:27:25.000+0000,2016-02-23T01:46:04.000+0000,5.67,19.5,10002,11237
2016-02-20T23:51:28.000+0000,2016-02-21T00:09:41.000+0000,3.51,15,10023,10003
2016-02-12T19:29:47.000+0000,2016-02-12T19:48:59.000+0000,3.2,15,10003,10065
2016-02-13T14:16:25.000+0000,2016-02-13T14:28:39.000+0000,2.36,10.5,10023,10028
2016-02-08T17:28:53.000+0000,2016-02-08T17:33:23.000+0000,0.85,5.5,10115,10025
2016-02-25T23:13:36.000+0000,2016-02-25T23:36:00.000+0000,6.61,23,10154,11201
2016-02-10T13:30:58.000+0000,2016-02-10T13:37:21.000+0000,1.08,6.5,10025,10027
2016-02-14T18:34:16.000+0000,2016-02-14T18:43:55.000+0000,1.89,9,10012,10280
2016-02-04T14:58:31.000+0000,2016-02-04T15:33:05.000+0000,10.61,33.5,10103,11371
2016-02-13T18:58:36.000+0000,2016-02-13T19:08:17.000+0000,1.14,7.5,10011,10012
2016-02-08T19:43:31.000+0000,2016-02-08T19:47:34.000+0000,1.01,5.5,10119,10014
2016-02-12T21:07:04.000+0000,2016-02-12T21:18:08.000+0000,2.2,10,10103,10028
2016-02-09T16:28:00.000+0000,2016-02-09T16:37:54.000+0000,1.36,8,10001,10020
2016-02-10T21:34:17.000+0000,2016-02-10T21:40:20.000+0000,0.9,6,10023,10019
2016-02-16T16:04:13.000+0000,2016-02-16T16:24:50.000+0000,3.8,17,10119,10006
2016-02-24T21:57:24.000+0000,2016-02-24T22:02:40.000+0000,0.69,5,10044,10021
2016-02-11T12:43:27.000+0000,2016-02-11T12:50:12.000+0000,1.11,6.5,10014,10013
2016-02-05T15:01:33.000+0000,2016-02-05T15:08:43.000+0000,1.47,7.5,10002,10017
2016-02-22T09:22:25.000+0000,2016-02-22T09:28:10.000+0000,0.6,5.5,10065,10021
2016-02-29T18:21:45.000+0000,2016-02-29T18:27:28.000+0000,0.79,6,10025,10025
2016-02-08T11:29:45.000+0000,2016-02-08T11:48:34.000+0000,4.01,16,10022,11103
2016-02-02T11:09:18.000+0000,2016-02-02T11:52:06.000+0000,7.4,33.5,10278,10027
2016-02-05T11:55:34.000+0000,2016-02-05T12:16:19.000+0000,2.5,14.5,10019,10028
2016-02-13T03:39:28.000+0000,2016-02-13T03:45:07.000+0000,1.1,6.5,10017,10154
2016-02-10T13:47:25.000+0000,2016-02-10T14:03:08.000+0000,1.3,10.5,10019,10065
2016-02-07T01:26:41.000+0000,2016-02-07T01:54:15.000+0000,7.58,25.5,10018,11373
2016-02-03T13:07:25.000+0000,2016-02-03T13:15:56.000+0000,0.6,7,10282,10006
2016-02-12T10:44:44.000+0000,2016-02-12T10:51:25.000+0000,1.3,7,10009,10017
2016-02-18T15:55:41.000+0000,2016-02-18T16:14:18.000+0000,1.39,12,10103,10022
2016-02-17T17:41:43.000+0000,2016-02-17T18:39:36.000+0000,18,52,11422,10020
2016-02-18T16:27:41.000+0000,2016-02-18T16:30:51.000+0000,0.9,5,10162,10027
2016-02-14T19:02:49.000+0000,2016-02-14T19:17:46.000+0000,2.46,11.5,10011,10007
2016-02-13T02:12:04.000+0000,2016-02-13T02:16:08.000+0000,0,4.5,10044,10044
2016-02-23T14:33:16.000+0000,2016-02-23T14:43:21.000+0000,0.84,7.5,10021,10022
2016-02-04T07:54:01.000+0000,2016-02-04T07:58:32.000+0000,0.9,5,10012,10003
2016-02-16T21:47:49.000+0000,2016-02-16T21:53:56.000+0000,1.07,6.5,10003,10009
2016-02-12T14:34:17.000+0000,2016-02-12T14:56:26.000+0000,3,15.5,10103,10013
2016-02-05T19:56:32.000+0000,2016-02-05T20:00:39.000+0000,1.48,6,10199,10019
2016-02-24T18:57:49.000+0000,2016-02-24T19:01:58.000+0000,0.49,4.5,10011,10199
2016-02-23T20:32:39.000+0000,2016-02-23T20:40:04.000+0000,1.16,7,10065,10044
2016-02-10T15:22:26.000+0000,2016-02-10T15:46:41.000+0000,4.4,19,10280,10020
2016-02-10T20:39:23.000+0000,2016-02-10T20:50:21.000+0000,1.7,9,10152,10110
2016-02-02T08:03:45.000+0000,2016-02-02T08:22:35.000+0000,2.87,14.5,10001,10282
2016-02-05T21:21:22.000+0000,2016-02-05T21:30:00.000+0000,0.91,7,10001,10199
2016-02-12T07:26:29.000+0000,2016-02-12T07:34:36.000+0000,1.45,7.5,10003,10013
2016-02-15T22:36:50.000+0000,2016-02-15T22:43:44.000+0000,1.64,7.5,10023,10018
2016-02-18T20:46:05.000+0000,2016-02-18T21:14:46.000+0000,8.2,28,10006,10025
2016-02-20T00:06:40.000+0000,2016-02-20T00:44:12.000+0000,10.5,35.5,10167,11238
2016-02-07T13:31:27.000+0000,2016-02-07T13:48:00.000+0000,8.7,25,11371,10028
2016-02-28T09:25:33.000+0000,2016-02-28T09:29:25.000+0000,1.4,6,10023,10025
2016-02-08T09:08:58.000+0000,2016-02-08T09:15:03.000+0000,1.1,6,10011,10003
2016-02-24T22:31:54.000+0000,2016-02-24T22:44:16.000+0000,1.8,10,10044,10022
2016-02-09T10:12:11.000+0000,2016-02-09T10:18:58.000+0000,0.54,6,10119,10199
2016-02-09T18:41:03.000+0000,2016-02-09T18:51:25.000+0000,1.4,8.5,10001,10012
2016-02-13T23:28:01.000+0000,2016-02-13T23:40:23.000+0000,3,11.5,10001,10028
2016-02-05T14:21:20.000+0000,2016-02-05T14:31:20.000+0000,2,9,11371,10023
2016-02-09T22:05:03.000+0000,2016-02-09T22:13:50.000+0000,1.4,7.5,10111,10019
2016-02-11T21:24:30.000+0000,2016-02-11T21:43:17.000+0000,3.9,15.5,10012,10019
2016-02-12T07:32:32.000+0000,2016-02-12T07:37:57.000+0000,0.7,5.5,10017,10171
2016-02-28T11:12:19.000+0000,2016-02-28T11:25:47.000+0000,3.2,12.5,10162,10037
2016-02-27T07:45:23.000+0000,2016-02-27T07:54:53.000+0000,2.7,10,10199,10013
2016-02-07T01:34:11.000+0000,2016-02-07T01:53:46.000+0000,4.1,16,10022,10013
2016-02-22T19:42:34.000+0000,2016-02-22T19:46:13.000+0000,0.85,5,10023,10162
2016-02-09T19:39:12.000+0000,2016-02-09T19:58:01.000+0000,4.94,18,10006,11217
2016-02-28T11:35:14.000+0000,2016-02-28T11:41:00.000+0000,1.2,6.5,10153,10023
2016-02-01T15:39:23.000+0000,2016-02-01T15:46:28.000+0000,1.1,6.5,10026,10035
2016-02-22T23:16:11.000+0000,2016-02-22T23:24:31.000+0000,1.9,8.5,10031,10037
2016-02-18T21:56:36.000+0000,2016-02-18T22:19:13.000+0000,3.88,16,10019,10012
2016-02-11T14:26:01.000+0000,2016-02-11T14:50:11.000+0000,9.38,29,11371,10065
2016-02-16T18:47:18.000+0000,2016-02-16T19:11:00.000+0000,8.67,26.5,11371,10021
2016-02-07T22:53:11.000+0000,2016-02-07T23:01:31.000+0000,2.3,9,10028,10171
2016-02-26T07:43:30.000+0000,2016-02-26T07:51:59.000+0000,0.99,7,10119,10016
2016-02-25T13:40:14.000+0000,2016-02-25T14:02:27.000+0000,3.29,12.5,10006,10009
2016-02-12T07:54:51.000+0000,2016-02-12T08:27:41.000+0000,10,33.5,10023,11371
2016-02-18T16:55:15.000+0000,2016-02-18T17:11:07.000+0000,3.65,14,10115,10021
2016-02-10T06:35:13.000+0000,2016-02-10T06:52:36.000+0000,4.6,15.5,10017,10007
2016-02-26T13:28:21.000+0000,2016-02-26T13:52:23.000+0000,4.02,17.5,10022,10013
2016-02-26T19:02:51.000+0000,2016-02-26T19:09:12.000+0000,1.1,6,10022,10017
2016-02-25T10:32:45.000+0000,2016-02-25T10:42:23.000+0000,1.5,8,10065,10044
2016-02-05T17:57:35.000+0000,2016-02-05T18:04:04.000+0000,0.74,6,10003,10011
2016-02-04T00:21:35.000+0000,2016-02-04T00:28:16.000+0000,2.05,7.5,10003,10110
2016-02-11T05:58:35.000+0000,2016-02-11T05:59:19.000+0000,0.2,3,10103,10111
2016-02-06T22:32:04.000+0000,2016-02-06T22:53:14.000+0000,2.85,14.5,10012,10020
2016-02-14T15:21:22.000+0000,2016-02-14T15:52:12.000+0000,9.35,32,11371,10001
2016-02-19T21:33:49.000+0000,2016-02-19T21:50:04.000+0000,2.6,13,10280,10011
2016-02-05T10:39:01.000+0000,2016-02-05T10:42:30.000+0000,0.8,5,10044,10028
2016-02-24T17:07:51.000+0000,2016-02-24T17:47:18.000+0000,10.98,35.5,11371,10034
2016-02-23T19:22:22.000+0000,2016-02-23T19:27:19.000+0000,0.9,5.5,10065,10021
2016-02-21T15:40:18.000+0000,2016-02-21T15:56:40.000+0000,6.8,21,11371,11415
2016-02-10T14:08:21.000+0000,2016-02-10T14:41:07.000+0000,7.75,29.5,10278,10027
2016-02-02T08:20:01.000+0000,2016-02-02T08:29:25.000+0000,1.36,8,10003,10013
2016-02-17T12:18:15.000+0000,2016-02-17T12:26:22.000+0000,0.57,6.5,10199,10018
2016-02-08T10:50:06.000+0000,2016-02-08T11:00:36.000+0000,1.63,9,10028,10065
2016-02-13T17:34:28.000+0000,2016-02-13T18:05:10.000+0000,3.3,19.5,10110,10153
2016-02-21T21:42:56.000+0000,2016-02-21T21:49:02.000+0000,1.15,6.5,10025,10023
2016-02-17T07:30:53.000+0000,2016-02-17T07:41:01.000+0000,0.6,7.5,10017,10167
2016-02-05T21:21:43.000+0000,2016-02-05T21:32:27.000+0000,1.8,8.5,10001,10009
2016-02-25T18:30:52.000+0000,2016-02-25T18:36:51.000+0000,1.11,6,10167,10009
2016-02-21T17:05:49.000+0000,2016-02-21T17:13:30.000+0000,1.6,8,10009,10152
2016-02-27T18:55:02.000+0000,2016-02-27T19:03:08.000+0000,1.8,8.5,10012,10282
2016-02-16T16:18:25.000+0000,2016-02-16T16:22:50.000+0000,1.02,5.5,10013,10280
2016-02-23T21:11:59.000+0000,2016-02-23T21:12:17.000+0000,0.07,2.5,11106,11106
2016-02-11T13:04:14.000+0000,2016-02-11T13:49:55.000+0000,10.6,38.5,11371,10020
2016-02-14T15:19:04.000+0000,2016-02-14T15:29:22.000+0000,2.18,9.5,10044,10017
2016-02-20T21:03:29.000+0000,2016-02-20T21:15:59.000+0000,1,9,10002,10003
2016-02-19T02:38:04.000+0000,2016-02-19T02:43:58.000+0000,1.5,7,10018,10023
2016-02-07T15:50:57.000+0000,2016-02-07T15:57:14.000+0000,1.3,6.5,10119,10011
2016-02-07T13:51:35.000+0000,2016-02-07T14:06:46.000+0000,4.1,15,10006,10018
2016-02-17T09:55:17.000+0000,2016-02-17T10:43:53.000+0000,3.61,28.5,10119,10271
2016-02-28T20:42:24.000+0000,2016-02-28T20:58:37.000+0000,3.8,14.5,10014,10065
2016-02-10T20:30:29.000+0000,2016-02-10T20:39:44.000+0000,1.37,8,10003,10119
2016-02-22T19:47:47.000+0000,2016-02-22T20:09:03.000+0000,5.48,20,10028,11222
2016-02-03T13:55:59.000+0000,2016-02-03T14:27:22.000+0000,5.2,23,10013,10103
2016-02-01T09:15:43.000+0000,2016-02-01T09:20:49.000+0000,0.55,5,10022,10153
2016-02-27T18:40:28.000+0000,2016-02-27T18:50:15.000+0000,0.69,7.5,10119,10119
2016-02-03T10:46:46.000+0000,2016-02-03T11:09:39.000+0000,3.54,16.5,10022,10026
2016-02-27T09:20:56.000+0000,2016-02-27T09:28:46.000+0000,1.74,8,10012,10110
2016-02-11T18:54:19.000+0000,2016-02-11T19:29:33.000+0000,8.84,30,10032,10016
2016-02-26T18:40:41.000+0000,2016-02-26T18:48:26.000+0000,1.1,7,10017,10022
2016-02-07T18:04:43.000+0000,2016-02-07T18:34:44.000+0000,9.5,30.5,10065,11238
2016-02-10T21:49:12.000+0000,2016-02-10T21:51:48.000+0000,0.81,4.5,10199,10018
2016-02-07T13:57:27.000+0000,2016-02-07T14:03:30.000+0000,1.1,6,10017,10022
2016-02-08T20:13:49.000+0000,2016-02-08T20:21:09.000+0000,1.7,7.5,10006,10011
2016-02-11T21:14:06.000+0000,2016-02-11T21:28:24.000+0000,3.1,11.5,10271,11231
2016-02-25T12:08:27.000+0000,2016-02-25T12:20:13.000+0000,1.5,9.5,10110,10003
2016-02-18T09:00:38.000+0000,2016-02-18T09:17:17.000+0000,2.8,13.5,10012,10005
2016-02-25T11:18:37.000+0000,2016-02-25T11:25:22.000+0000,2.24,8.5,11370,11371
2016-02-26T04:19:04.000+0000,2016-02-26T04:21:59.000+0000,0.7,4.5,10278,10012
2016-02-25T02:51:09.000+0000,2016-02-25T03:13:11.000+0000,17.23,52,11422,10017
2016-02-10T10:57:42.000+0000,2016-02-10T11:14:18.000+0000,1.6,11,10110,10021
2016-02-18T18:11:44.000+0000,2016-02-18T18:31:19.000+0000,2.5,14,10069,10001
2016-02-02T22:25:46.000+0000,2016-02-02T22:32:29.000+0000,1.62,7.5,10153,10023
2016-02-02T21:29:07.000+0000,2016-02-02T21:29:28.000+0000,0,52,10065,10065
2016-02-21T11:59:37.000+0000,2016-02-21T12:10:42.000+0000,2.28,10,10153,10162
2016-02-06T01:10:27.000+0000,2016-02-06T01:24:57.000+0000,2.11,11,11211,11221
2016-02-29T15:56:57.000+0000,2016-02-29T16:10:25.000+0000,2.1,10.5,10011,10111
2016-02-02T19:41:14.000+0000,2016-02-02T19:49:58.000+0000,1.23,7,10110,10017
2016-02-22T18:40:14.000+0000,2016-02-22T18:48:15.000+0000,1.24,7.5,10005,10002
2016-02-20T22:13:40.000+0000,2016-02-20T22:17:29.000+0000,0.9,5,10199,10011
2016-02-19T15:38:27.000+0000,2016-02-19T15:46:20.000+0000,1.03,7,10199,10001
2016-02-04T12:39:45.000+0000,2016-02-04T12:47:54.000+0000,1.57,8,10069,10025
2016-02-26T09:56:23.000+0000,2016-02-26T10:35:08.000+0000,15.2,45.5,10007,11371
2016-02-18T16:18:45.000+0000,2016-02-18T16:24:36.000+0000,0.59,5.5,10018,10020
2016-02-20T18:09:40.000+0000,2016-02-20T18:15:28.000+0000,0.97,6,10028,10065
2016-02-14T19:10:45.000+0000,2016-02-14T19:41:34.000+0000,6,24,10162,10012
2016-02-25T14:53:58.000+0000,2016-02-25T15:08:27.000+0000,1.3,10.5,10167,10199
2016-02-12T12:35:07.000+0000,2016-02-12T12:45:12.000+0000,1.05,8,10119,10110
2016-02-01T03:06:48.000+0000,2016-02-01T03:12:09.000+0000,1.7,7,10003,10002
2016-02-28T10:14:41.000+0000,2016-02-28T10:21:59.000+0000,1.82,8,10017,10021
2016-02-21T00:36:29.000+0000,2016-02-21T00:39:51.000+0000,0.7,4.5,10017,10017
2016-02-03T22:02:33.000+0000,2016-02-03T22:13:26.000+0000,2.8,10.5,10018,10028
2016-02-09T02:47:28.000+0000,2016-02-09T02:50:06.000+0000,0.3,4,10018,10018
2016-02-03T13:23:05.000+0000,2016-02-03T13:42:13.000+0000,2.4,13.5,10022,10020
2016-02-29T22:21:57.000+0000,2016-02-29T22:24:45.000+0000,0.6,4.5,10001,10011
2016-02-23T10:16:48.000+0000,2016-02-23T10:48:37.000+0000,3.6,20.5,10002,10199
2016-02-27T16:15:27.000+0000,2016-02-27T16:28:10.000+0000,1.44,9.5,10019,10167
2016-02-27T19:49:57.000+0000,2016-02-27T19:51:56.000+0000,0.2,3.5,10002,10002
2016-02-27T12:35:51.000+0000,2016-02-27T12:39:59.000+0000,0.59,5,10022,10022
2016-02-03T06:49:36.000+0000,2016-02-03T06:52:03.000+0000,0.76,4.5,10001,10167
2016-02-29T08:28:12.000+0000,2016-02-29T08:34:31.000+0000,1,6.5,10003,10012
2016-02-10T09:14:59.000+0000,2016-02-10T09:40:06.000+0000,2.1,15.5,10001,10022
2016-02-24T02:11:13.000+0000,2016-02-24T02:36:13.000+0000,6.25,21.5,10019,11106
2016-02-09T08:19:11.000+0000,2016-02-09T08:32:33.000+0000,1.66,10,10009,10011
2016-02-19T06:36:27.000+0000,2016-02-19T06:39:44.000+0000,0.4,4,10271,10038
2016-02-01T19:34:27.000+0000,2016-02-01T19:37:41.000+0000,0.8,4.5,10110,10153
2016-02-26T18:55:38.000+0000,2016-02-26T19:02:31.000+0000,1.07,6.5,10044,10028
2016-02-01T17:45:57.000+0000,2016-02-01T18:03:33.000+0000,6.2,20,10029,11369
2016-02-09T08:48:55.000+0000,2016-02-09T09:05:17.000+0000,4.68,16.5,10044,10451
2016-02-21T00:43:49.000+0000,2016-02-21T00:51:10.000+0000,1.91,8,10021,10162
2016-02-28T20:30:30.000+0000,2016-02-28T20:33:43.000+0000,0.87,5,10019,10023
2016-02-18T07:04:53.000+0000,2016-02-18T07:09:33.000+0000,1.3,6,10023,10162
2016-02-14T18:59:51.000+0000,2016-02-14T19:13:43.000+0000,5.67,18.5,10028,10002
2016-02-10T21:15:57.000+0000,2016-02-10T21:20:28.000+0000,0.5,5,10012,10012
2016-02-27T01:02:33.000+0000,2016-02-27T01:13:23.000+0000,3.8,13.5,10005,10003
2016-02-08T12:18:24.000+0000,2016-02-08T12:20:11.000+0000,0.3,3.5,10011,10011
2016-02-25T18:35:26.000+0000,2016-02-25T19:13:59.000+0000,8.38,30.5,10012,10037
2016-02-29T07:05:53.000+0000,2016-02-29T07:53:18.000+0000,17.2,52,10119,11422
2016-02-14T23:10:53.000+0000,2016-02-14T23:21:33.000+0000,2.25,9.5,10014,10110
2016-02-28T03:26:49.000+0000,2016-02-28T03:54:46.000+0000,7.7,26.5,10002,10025
2016-02-13T15:07:04.000+0000,2016-02-13T15:09:45.000+0000,0.88,4.5,10153,10022
2016-02-17T21:05:48.000+0000,2016-02-17T21:19:57.000+0000,1.67,10.5,10012,10011
2016-02-10T13:34:46.000+0000,2016-02-10T14:18:06.000+0000,12.4,41,10016,11230
2016-02-16T23:00:13.000+0000,2016-02-16T23:05:04.000+0000,1,5.5,10012,10012
2016-02-14T04:20:14.000+0000,2016-02-14T04:23:21.000+0000,1.4,6,10002,10016
2016-02-20T18:58:57.000+0000,2016-02-20T19:09:23.000+0000,1.6,8.5,10012,10014
2016-02-09T00:30:39.000+0000,2016-02-09T00:34:31.000+0000,1.1,5.5,10023,10023
2016-02-23T15:14:11.000+0000,2016-02-23T15:20:17.000+0000,0.68,5.5,10021,10028
2016-02-02T16:12:40.000+0000,2016-02-02T16:21:14.000+0000,0.6,6.5,10111,10103
2016-02-24T20:16:07.000+0000,2016-02-24T20:29:53.000+0000,2.04,10.5,10003,10002
2016-02-13T15:05:37.000+0000,2016-02-13T15:19:32.000+0000,2.04,10.5,10001,10012
2016-02-21T18:52:17.000+0000,2016-02-21T19:01:29.000+0000,1.1,7.5,10012,10009
2016-02-07T16:30:20.000+0000,2016-02-07T17:09:27.000+0000,17.43,52,11422,10154
2016-02-17T22:06:13.000+0000,2016-02-17T22:21:11.000+0000,2.2,11.5,10002,10271
2016-02-19T10:10:09.000+0000,2016-02-19T10:18:37.000+0000,0.7,6.5,10003,10011
2016-02-28T19:03:07.000+0000,2016-02-28T19:11:03.000+0000,0.89,7,10017,10110
2016-02-10T09:00:38.000+0000,2016-02-10T09:03:29.000+0000,0.8,4.5,10001,10011
2016-02-12T11:35:16.000+0000,2016-02-12T11:56:07.000+0000,1.3,13,10001,10018
2016-02-21T03:03:15.000+0000,2016-02-21T03:14:37.000+0000,1,8.5,10011,10003
2016-02-21T19:13:34.000+0000,2016-02-21T19:23:15.000+0000,1.56,9,10011,10282
2016-02-07T11:54:27.000+0000,2016-02-07T12:03:39.000+0000,1.19,7.5,10119,10018
2016-02-07T02:52:58.000+0000,2016-02-07T03:12:48.000+0000,5.78,20.5,10018,10271
2016-02-23T23:46:01.000+0000,2016-02-23T23:50:07.000+0000,0.61,4.5,10002,10002
2016-02-14T00:35:44.000+0000,2016-02-14T00:42:51.000+0000,1.2,7,10153,10018
2016-02-29T19:47:43.000+0000,2016-02-29T20:12:34.000+0000,4.6,18.5,10011,11205
2016-02-07T00:51:07.000+0000,2016-02-07T01:05:37.000+0000,3.58,13.5,10001,10044
2016-02-07T17:35:05.000+0000,2016-02-07T18:17:46.000+0000,16.11,52,10020,11422
2016-02-12T12:01:15.000+0000,2016-02-12T12:30:28.000+0000,2.4,18,10199,10022
2016-02-04T15:59:11.000+0000,2016-02-04T17:09:08.000+0000,17.6,52,10018,11422
2016-02-23T08:24:23.000+0000,2016-02-23T08:34:59.000+0000,2.4,10,10282,10011
2016-02-09T09:09:30.000+0000,2016-02-09T09:29:05.000+0000,2.11,13,10103,10110
2016-02-07T16:53:55.000+0000,2016-02-07T17:05:08.000+0000,2.6,11,10044,10009
2016-02-27T21:22:31.000+0000,2016-02-27T21:30:02.000+0000,2.4,9,10044,10035
2016-02-23T13:43:41.000+0000,2016-02-23T13:50:47.000+0000,0.65,6,10110,10017
2016-02-26T22:10:53.000+0000,2016-02-26T22:26:11.000+0000,1.4,10.5,10011,10001
2016-02-26T15:40:42.000+0000,2016-02-26T16:00:37.000+0000,2.2,13.5,10065,10110
2016-02-29T01:34:47.000+0000,2016-02-29T01:43:28.000+0000,1.8,8.5,10011,10009
2016-02-15T09:13:39.000+0000,2016-02-15T09:16:47.000+0000,0.6,4,10012,10003
2016-02-28T04:31:09.000+0000,2016-02-28T04:41:42.000+0000,3.1,11.5,10003,10021
2016-02-12T22:48:07.000+0000,2016-02-12T22:51:58.000+0000,0.67,4.5,10011,10011
2016-02-22T13:37:30.000+0000,2016-02-22T13:56:59.000+0000,2.5,14,10065,10003
2016-02-19T14:31:55.000+0000,2016-02-19T14:44:56.000+0000,1.24,9.5,10119,10111
2016-02-12T07:47:21.000+0000,2016-02-12T07:54:09.000+0000,0.71,6,10119,10001
2016-02-10T15:01:18.000+0000,2016-02-10T15:12:14.000+0000,1.25,8.5,10199,10009
2016-02-10T13:57:15.000+0000,2016-02-10T14:03:39.000+0000,0.6,5.5,10009,10009
2016-02-26T19:50:17.000+0000,2016-02-26T19:52:01.000+0000,0.6,3.5,10044,10028
2016-02-26T09:53:59.000+0000,2016-02-26T10:05:55.000+0000,1.71,9,10022,10021
2016-02-26T19:51:52.000+0000,2016-02-26T19:59:22.000+0000,1,6.5,10012,10012
2016-02-29T10:10:53.000+0000,2016-02-29T10:19:16.000+0000,0.95,7,10009,10001
2016-02-24T17:52:25.000+0000,2016-02-24T18:26:05.000+0000,7.32,27,10028,10007
2016-02-07T00:02:16.000+0000,2016-02-07T00:13:32.000+0000,1.93,9.5,10019,10199
2016-02-17T23:38:13.000+0000,2016-02-17T23:43:38.000+0000,1.31,6.5,10014,10013
2016-02-28T17:52:22.000+0000,2016-02-28T17:58:13.000+0000,1.36,7,10044,10065
2016-02-03T13:19:15.000+0000,2016-02-03T13:25:32.000+0000,0.68,6,10007,10282
2016-02-13T10:31:07.000+0000,2016-02-13T10:32:29.000+0000,0.46,3.5,10020,10018
2016-02-13T20:07:09.000+0000,2016-02-13T20:12:53.000+0000,1,6,10025,10162
2016-02-25T22:25:25.000+0000,2016-02-25T22:36:15.000+0000,3,11.5,10153,10026
2016-02-08T17:41:30.000+0000,2016-02-08T17:42:49.000+0000,0.3,3,10013,10007
2016-02-25T06:23:40.000+0000,2016-02-25T06:28:07.000+0000,1.3,6,10065,10017
2016-02-22T10:56:22.000+0000,2016-02-22T11:06:28.000+0000,1.5,8.5,10021,10028
2016-02-03T12:02:14.000+0000,2016-02-03T12:42:33.000+0000,20.33,55,10280,11371
2016-02-11T07:54:51.000+0000,2016-02-11T08:32:10.000+0000,5.53,25,10026,10011
2016-02-21T10:17:59.000+0000,2016-02-21T10:29:03.000+0000,2.02,10,10016,10003
2016-02-27T15:40:07.000+0000,2016-02-27T16:05:47.000+0000,10.4,31,11371,10111
2016-02-15T14:12:35.000+0000,2016-02-15T14:16:38.000+0000,0.61,4.5,10021,10021
2016-02-21T12:52:32.000+0000,2016-02-21T13:03:58.000+0000,0.84,8.5,10003,10002
2016-02-18T23:35:16.000+0000,2016-02-18T23:54:20.000+0000,4.05,15.5,10103,11103
2016-02-07T16:50:37.000+0000,2016-02-07T16:57:22.000+0000,1.39,7,10017,10003
2016-02-04T20:46:27.000+0000,2016-02-04T21:16:50.000+0000,8.7,28,10014,11372
2016-02-22T23:14:13.000+0000,2016-02-22T23:21:31.000+0000,1.57,7.5,10103,10162
2016-02-17T13:19:07.000+0000,2016-02-17T13:31:54.000+0000,2.59,11,10119,10278
2016-02-22T07:39:03.000+0000,2016-02-22T07:41:12.000+0000,0.5,3.5,10110,10110
2016-02-29T14:58:57.000+0000,2016-02-29T15:11:51.000+0000,1.9,10.5,10280,10013
2016-02-13T12:36:53.000+0000,2016-02-13T12:52:44.000+0000,5.8,19,10028,11102
2016-02-07T00:12:58.000+0000,2016-02-07T00:32:27.000+0000,3.7,15,10001,10006
2016-02-23T05:35:05.000+0000,2016-02-23T05:42:20.000+0000,1.65,7.5,10018,10022
2016-02-28T12:11:18.000+0000,2016-02-28T12:20:23.000+0000,2.4,9.5,10016,10021
2016-02-23T18:49:45.000+0000,2016-02-23T18:55:46.000+0000,1.2,6,10028,10044
2016-02-07T18:14:35.000+0000,2016-02-07T18:27:27.000+0000,2.63,11,10001,10013
2016-02-28T21:02:57.000+0000,2016-02-28T21:17:16.000+0000,2.7,12,10110,10009
2016-02-01T10:04:20.000+0000,2016-02-01T10:17:12.000+0000,1.5,10,10103,10199
2016-02-19T20:33:20.000+0000,2016-02-19T20:53:30.000+0000,8.64,26.5,11371,10110
2016-02-17T18:45:54.000+0000,2016-02-17T19:07:49.000+0000,4.6,18.5,10014,10023
2016-02-22T12:43:18.000+0000,2016-02-22T13:13:34.000+0000,3.6,20,10001,10005
2016-02-28T18:58:43.000+0000,2016-02-28T19:04:56.000+0000,1.21,6.5,10103,10023
2016-02-24T09:35:10.000+0000,2016-02-24T09:45:30.000+0000,0.79,8,10017,10154
2016-02-07T22:46:00.000+0000,2016-02-07T22:50:39.000+0000,0.7,5,10009,10003
2016-02-09T23:17:33.000+0000,2016-02-09T23:27:07.000+0000,2.99,11,10017,11109
2016-02-02T11:31:31.000+0000,2016-02-02T11:50:55.000+0000,2.2,13,10119,10012
2016-02-02T19:09:23.000+0000,2016-02-02T19:14:54.000+0000,0.7,5.5,10017,10152
2016-02-02T19:05:51.000+0000,2016-02-02T19:20:22.000+0000,2.27,11,10111,10199
2016-02-18T18:43:34.000+0000,2016-02-18T19:09:52.000+0000,4.27,18.5,10001,10162
2016-02-10T16:58:17.000+0000,2016-02-10T17:18:19.000+0000,2.31,13.5,10021,10069
2016-02-02T00:51:07.000+0000,2016-02-02T00:58:58.000+0000,1.7,8,10003,10278
2016-02-26T20:38:38.000+0000,2016-02-26T20:51:20.000+0000,1.7,10,10199,10110
2016-02-15T19:40:48.000+0000,2016-02-15T19:49:55.000+0000,1.8,8.5,10001,10009
2016-02-28T14:41:36.000+0000,2016-02-28T14:47:02.000+0000,1.24,6.5,10023,10044
2016-02-20T20:21:14.000+0000,2016-02-20T20:32:14.000+0000,1.25,8.5,10001,10012
2016-02-06T22:23:39.000+0000,2016-02-06T22:39:49.000+0000,3.48,14,10019,10025
2016-02-14T12:02:36.000+0000,2016-02-14T12:14:40.000+0000,2.25,10,10012,10014
2016-02-24T10:12:38.000+0000,2016-02-24T10:24:59.000+0000,1.2,9,10013,10012
2016-02-14T22:27:15.000+0000,2016-02-14T22:33:24.000+0000,2.9,10.5,10025,10019
2016-02-03T14:10:48.000+0000,2016-02-03T14:28:12.000+0000,0.76,11,10110,10018
2016-02-20T19:16:57.000+0000,2016-02-20T19:50:30.000+0000,3.52,22,10014,10153
2016-02-10T18:10:19.000+0000,2016-02-10T18:21:52.000+0000,2.3,10.5,10022,10003
2016-02-20T10:10:28.000+0000,2016-02-20T10:27:04.000+0000,2.4,13,10002,10017
2016-02-23T13:41:48.000+0000,2016-02-23T13:54:46.000+0000,1.5,9.5,10018,10111
2016-02-09T08:40:55.000+0000,2016-02-09T08:45:46.000+0000,1.15,5.5,10065,10017
2016-02-10T18:21:51.000+0000,2016-02-10T18:23:49.000+0000,0.54,3.5,10012,10003
2016-02-23T12:31:23.000+0000,2016-02-23T12:33:18.000+0000,0.53,3.5,10002,10009
2016-02-11T07:32:52.000+0000,2016-02-11T07:40:47.000+0000,1.6,7.5,10162,10021
2016-02-08T10:20:40.000+0000,2016-02-08T10:33:57.000+0000,2.49,11,10110,10014
2016-02-11T07:37:47.000+0000,2016-02-11T07:57:46.000+0000,5.7,19.5,10280,10167
2016-02-03T08:53:58.000+0000,2016-02-03T09:08:45.000+0000,1.7,11,10011,10018
2016-02-04T15:59:37.000+0000,2016-02-04T16:26:09.000+0000,3.5,18.5,10278,10154
2016-02-08T09:49:31.000+0000,2016-02-08T10:09:26.000+0000,1.5,13,10003,10199
2016-02-13T13:35:30.000+0000,2016-02-13T13:49:20.000+0000,2.44,11.5,10017,10012
2016-02-02T09:20:14.000+0000,2016-02-02T09:25:46.000+0000,0.76,5.5,10001,10001
2016-02-29T14:50:23.000+0000,2016-02-29T15:16:47.000+0000,7.02,25,10006,10021
2016-02-20T21:59:31.000+0000,2016-02-20T22:19:40.000+0000,8.88,26.5,11371,10025
2016-02-22T08:23:22.000+0000,2016-02-22T08:26:54.000+0000,0.8,5,10021,10029
2016-02-25T12:45:34.000+0000,2016-02-25T12:56:10.000+0000,1.66,9,10014,10018
2016-02-24T10:06:07.000+0000,2016-02-24T10:23:37.000+0000,1.8,12,10003,10154
2016-02-19T08:51:38.000+0000,2016-02-19T08:55:41.000+0000,1.08,5.5,10019,10023
2016-02-21T18:20:46.000+0000,2016-02-21T18:33:58.000+0000,3.2,12,11201,11222
2016-02-20T18:09:37.000+0000,2016-02-20T18:26:03.000+0000,1.02,11,10111,10018
2016-02-11T03:15:43.000+0000,2016-02-11T03:18:58.000+0000,0.8,4.5,10044,10028
2016-02-13T19:21:09.000+0000,2016-02-13T19:35:28.000+0000,1.8,10.5,10012,10009
2016-02-01T18:45:48.000+0000,2016-02-01T19:02:25.000+0000,2.88,13.5,10021,10018
2016-02-07T01:16:18.000+0000,2016-02-07T01:19:17.000+0000,0.4,4,10111,10020
2016-02-04T15:27:52.000+0000,2016-02-04T15:42:11.000+0000,1.9,11,10028,10023
2016-02-23T15:48:34.000+0000,2016-02-23T15:57:30.000+0000,1.3,7.5,10153,10021
2016-02-05T12:05:58.000+0000,2016-02-05T12:17:31.000+0000,0.6,8,10021,10021
2016-02-02T18:50:33.000+0000,2016-02-02T18:57:20.000+0000,1.05,6.5,10003,10003
2016-02-15T21:22:51.000+0000,2016-02-15T21:26:48.000+0000,0.9,5,10152,10110
2016-02-08T19:03:16.000+0000,2016-02-08T19:18:24.000+0000,4.9,17,10002,11109
2016-02-21T03:56:27.000+0000,2016-02-21T04:05:54.000+0000,2.03,9.5,10002,10014
2016-02-18T01:20:44.000+0000,2016-02-18T01:24:38.000+0000,0.86,5,10027,10027
2016-02-13T17:35:32.000+0000,2016-02-13T17:40:36.000+0000,0.61,5,10014,10011
2016-02-12T05:58:42.000+0000,2016-02-12T06:35:13.000+0000,21,52,10282,11422
2016-02-05T05:22:01.000+0000,2016-02-05T05:25:14.000+0000,0.73,4.5,10022,10065
2016-02-11T14:13:27.000+0000,2016-02-11T14:24:15.000+0000,1.15,8.5,10119,10001
2016-02-29T09:30:56.000+0000,2016-02-29T09:58:44.000+0000,3.44,18.5,10011,10065
2016-02-16T12:49:07.000+0000,2016-02-16T13:20:25.000+0000,12.9,37,11370,10463
2016-02-14T19:20:56.000+0000,2016-02-14T19:28:27.000+0000,1.2,6.5,10003,10014
2016-02-23T13:42:53.000+0000,2016-02-23T13:47:23.000+0000,0.95,5,10199,10011
2016-02-04T20:02:49.000+0000,2016-02-04T20:14:42.000+0000,1.12,9,10110,10001
2016-02-08T23:15:42.000+0000,2016-02-08T23:25:12.000+0000,2.67,10.5,10103,10014
2016-02-26T16:06:07.000+0000,2016-02-26T16:32:07.000+0000,2.7,17,10028,10110
2016-02-29T18:18:36.000+0000,2016-02-29T18:29:52.000+0000,1.78,9.5,10022,10153
2016-02-10T18:15:28.000+0000,2016-02-10T18:25:02.000+0000,2.3,10,10282,10011
2016-02-11T13:53:21.000+0000,2016-02-11T14:07:36.000+0000,2.9,12.5,10115,10028
2016-02-16T16:44:04.000+0000,2016-02-16T16:51:45.000+0000,1.14,7,10011,10199
2016-02-29T13:31:53.000+0000,2016-02-29T13:35:45.000+0000,0.6,4.5,10023,10019
2016-02-10T05:06:32.000+0000,2016-02-10T05:26:52.000+0000,8.8,26,10025,11371
2016-02-06T20:45:54.000+0000,2016-02-06T21:16:35.000+0000,5.97,23.5,10271,10153
2016-02-06T19:17:47.000+0000,2016-02-06T19:31:28.000+0000,2.14,10.5,10011,10018
2016-02-07T02:03:45.000+0000,2016-02-07T02:12:31.000+0000,2.22,9,10003,10154
2016-02-07T18:30:04.000+0000,2016-02-07T18:32:35.000+0000,0.64,4,10001,10001
2016-02-11T16:53:33.000+0000,2016-02-11T17:28:57.000+0000,6.13,26,10012,10025
2016-02-04T21:39:55.000+0000,2016-02-04T21:51:03.000+0000,1.05,8.5,10022,10020
2016-02-02T11:53:14.000+0000,2016-02-02T12:00:20.000+0000,0.84,6.5,10003,10011
2016-02-14T20:59:44.000+0000,2016-02-14T21:12:29.000+0000,2.49,11.5,10025,10019
2016-02-21T18:18:52.000+0000,2016-02-21T18:42:31.000+0000,8.7,26.5,10028,11371
2016-02-09T14:38:21.000+0000,2016-02-09T14:49:10.000+0000,1.88,9,10001,10012
2016-02-20T05:19:43.000+0000,2016-02-20T05:22:27.000+0000,0.59,4.5,10017,10167
2016-02-18T07:42:53.000+0000,2016-02-18T07:51:47.000+0000,2.48,9.5,10021,10018
2016-02-03T20:08:23.000+0000,2016-02-03T20:22:47.000+0000,1.6,10.5,10009,10002
2016-02-09T06:53:49.000+0000,2016-02-09T06:58:31.000+0000,0.9,5.5,10001,10110
2016-02-02T23:49:17.000+0000,2016-02-03T00:02:31.000+0000,2.9,12.5,10278,11217
2016-02-04T08:07:36.000+0000,2016-02-04T08:20:11.000+0000,1.2,9,10021,10162
2016-02-19T08:20:33.000+0000,2016-02-19T08:33:25.000+0000,1.4,9.5,10021,10022
2016-02-06T14:38:58.000+0000,2016-02-06T14:45:03.000+0000,2.32,8.5,10002,11211
2016-02-16T22:31:11.000+0000,2016-02-16T22:42:50.000+0000,1.78,9.5,10111,10016
2016-02-18T23:28:59.000+0000,2016-02-18T23:33:20.000+0000,0.63,4.5,10119,10018
2016-02-28T23:02:47.000+0000,2016-02-28T23:06:01.000+0000,1.1,5,10103,10171
2016-02-08T21:05:34.000+0000,2016-02-08T21:14:10.000+0000,1.21,7,10022,10017
2016-02-26T14:44:55.000+0000,2016-02-26T14:59:33.000+0000,1.59,10.5,10162,10021
2016-02-17T01:57:16.000+0000,2016-02-17T02:09:22.000+0000,2.81,12,10119,10009
2016-02-02T15:42:37.000+0000,2016-02-02T15:49:37.000+0000,0.8,6.5,10023,10021
2016-02-10T06:59:29.000+0000,2016-02-10T07:05:20.000+0000,1.28,6.5,10119,10018
2016-02-21T11:22:29.000+0000,2016-02-21T11:25:24.000+0000,0.72,4.5,10153,10021
2016-02-04T10:12:24.000+0000,2016-02-04T10:20:20.000+0000,1.12,7,10011,10009
2016-02-03T12:32:16.000+0000,2016-02-03T12:55:10.000+0000,1.8,14.5,10001,10017
2016-02-26T14:27:23.000+0000,2016-02-26T14:37:43.000+0000,1.71,9,10012,10282
2016-02-07T04:24:55.000+0000,2016-02-07T04:35:06.000+0000,3.1,11.5,10005,11205
2016-02-03T21:56:55.000+0000,2016-02-03T22:08:53.000+0000,3.46,12,10199,10023
2016-02-01T07:50:59.000+0000,2016-02-01T07:55:03.000+0000,0.56,4.5,10110,10110
2016-02-02T17:34:43.000+0000,2016-02-02T17:41:28.000+0000,1.2,6.5,10167,10167
2016-02-25T07:40:39.000+0000,2016-02-25T07:46:39.000+0000,0.5,5.5,10119,10199
2016-02-22T22:07:50.000+0000,2016-02-22T22:18:42.000+0000,1.8,9.5,10001,10103
2016-02-09T22:39:52.000+0000,2016-02-09T22:54:33.000+0000,3.23,13,10022,10011
2016-02-29T13:32:04.000+0000,2016-02-29T13:45:20.000+0000,1.1,9.5,10103,10110
2016-02-18T09:21:33.000+0000,2016-02-18T09:24:09.000+0000,0.4,4,10017,10017
2016-02-25T08:17:04.000+0000,2016-02-25T08:33:14.000+0000,1.81,11.5,10022,10119
2016-02-25T18:24:14.000+0000,2016-02-25T18:47:27.000+0000,2.9,16,10044,10001
2016-02-18T17:18:09.000+0000,2016-02-18T17:30:46.000+0000,1.6,10,10011,10020
2016-02-15T14:27:44.000+0000,2016-02-15T15:16:59.000+0000,10.3,37,11370,11215
2016-02-14T17:06:40.000+0000,2016-02-14T17:23:23.000+0000,1.63,8.5,10023,10025
2016-02-18T22:47:24.000+0000,2016-02-18T22:50:09.000+0000,0.48,4,10002,10012
2016-02-05T21:54:47.000+0000,2016-02-05T22:16:28.000+0000,3.65,16,10103,10278
2016-02-27T22:25:24.000+0000,2016-02-27T22:49:50.000+0000,4.91,20,10012,11215
2016-02-06T21:47:33.000+0000,2016-02-06T21:56:24.000+0000,1.45,7.5,10110,10001
2016-02-10T20:47:38.000+0000,2016-02-10T20:56:36.000+0000,1.5,8,10110,10199
2016-02-12T11:09:57.000+0000,2016-02-12T11:35:32.000+0000,5.4,21,10023,10282
2016-02-05T00:49:42.000+0000,2016-02-05T01:03:31.000+0000,4.4,15,10280,10018
2016-02-05T10:05:20.000+0000,2016-02-05T10:13:48.000+0000,0.77,7,10103,10167
2016-02-24T15:36:10.000+0000,2016-02-24T15:38:19.000+0000,0.4,3.5,10025,10025
2016-02-28T14:24:33.000+0000,2016-02-28T14:27:10.000+0000,0.47,4,10003,10011
2016-02-20T08:51:03.000+0000,2016-02-20T08:55:36.000+0000,0.41,4.5,10044,10028
2016-02-03T03:48:32.000+0000,2016-02-03T04:08:18.000+0000,7.1,21.5,10012,11103
2016-02-07T03:06:35.000+0000,2016-02-07T03:15:54.000+0000,1.64,8.5,10009,10011
2016-02-08T22:51:47.000+0000,2016-02-08T23:13:15.000+0000,9.09,27.5,11371,10119
2016-02-13T21:16:33.000+0000,2016-02-13T21:41:11.000+0000,3.93,17.5,10111,10007
2016-02-04T22:30:19.000+0000,2016-02-04T22:41:03.000+0000,0.66,8,10017,10017
2016-02-20T01:33:55.000+0000,2016-02-20T02:00:09.000+0000,6.32,23,10271,11221
2016-02-25T07:26:30.000+0000,2016-02-25T07:33:34.000+0000,1.31,7,10199,10020
2016-02-27T12:16:31.000+0000,2016-02-27T12:29:36.000+0000,4.02,15,10021,10002
2016-02-10T15:03:56.000+0000,2016-02-10T15:19:42.000+0000,1.48,11,10065,10110
2016-02-28T19:27:55.000+0000,2016-02-28T19:35:48.000+0000,1,7,10025,10026
2016-02-25T13:24:32.000+0000,2016-02-25T13:27:34.000+0000,0.63,4.5,10011,10014
2016-02-11T15:02:59.000+0000,2016-02-11T15:58:20.000+0000,12.9,45,11371,10018
2016-02-21T14:41:30.000+0000,2016-02-21T15:01:29.000+0000,3.05,14.5,10110,10012
2016-02-24T16:40:51.000+0000,2016-02-24T16:52:32.000+0000,1.8,10,10025,10162
2016-02-11T17:50:20.000+0000,2016-02-11T18:15:16.000+0000,1.2,15,10011,10199
2016-02-20T11:59:52.000+0000,2016-02-20T12:12:46.000+0000,2.73,11.5,10016,10013
2016-02-14T10:01:54.000+0000,2016-02-14T10:06:02.000+0000,0.87,5,10018,10020
2016-02-14T20:16:07.000+0000,2016-02-14T20:23:00.000+0000,0.7,4.5,10014,10199
2016-02-13T02:11:41.000+0000,2016-02-13T02:17:25.000+0000,1,6,10003,10011
2016-02-24T21:15:11.000+0000,2016-02-24T21:19:48.000+0000,0.5,5,10003,10003
2016-02-14T01:42:15.000+0000,2016-02-14T01:49:44.000+0000,1.09,7,10002,10012
2016-02-23T06:26:48.000+0000,2016-02-23T06:50:16.000+0000,9.19,28,11422,11236
2016-02-19T15:48:12.000+0000,2016-02-19T15:57:33.000+0000,0.97,7.5,10001,10018
2016-02-21T12:37:18.000+0000,2016-02-21T12:52:53.000+0000,2.88,12.5,10154,10011
2016-02-06T23:20:44.000+0000,2016-02-06T23:35:19.000+0000,1.96,10.5,10017,10019
2016-02-07T02:51:58.000+0000,2016-02-07T02:55:22.000+0000,0.6,4.5,10003,10009
2016-02-20T12:57:41.000+0000,2016-02-20T13:30:36.000+0000,5.2,23,10028,10001
2016-02-06T07:51:29.000+0000,2016-02-06T07:58:50.000+0000,2,8,10017,10021
2016-02-18T07:37:57.000+0000,2016-02-18T07:58:21.000+0000,3.3,15.5,10029,10019
2016-02-07T01:40:19.000+0000,2016-02-07T01:52:29.000+0000,3.47,12.5,10199,11109
2016-02-13T13:52:20.000+0000,2016-02-13T14:09:15.000+0000,2.1,12,10153,10001
2016-02-08T10:01:04.000+0000,2016-02-08T10:27:53.000+0000,10.67,31,11371,10153
2016-02-18T18:18:17.000+0000,2016-02-18T18:35:57.000+0000,2.9,13.5,10119,10023
2016-02-17T16:14:12.000+0000,2016-02-17T16:20:19.000+0000,1.19,6,10001,10012
2016-02-06T20:11:38.000+0000,2016-02-06T20:27:15.000+0000,2.9,13,10021,10001
2016-02-06T16:12:24.000+0000,2016-02-06T16:19:27.000+0000,1.41,7,10022,10018
2016-02-03T17:08:01.000+0000,2016-02-03T17:24:08.000+0000,1.43,11,10119,10019
2016-02-15T18:17:09.000+0000,2016-02-15T18:37:14.000+0000,6.94,21.5,10020,11377
2016-02-15T17:48:24.000+0000,2016-02-15T17:53:22.000+0000,0.7,5,10011,10009
2016-02-27T11:02:25.000+0000,2016-02-27T11:10:28.000+0000,0.98,7,10119,10018
